mp-22315,0.279391884803772,0.33274784684181213
mp-567713,0.22192347049713135,0.23418056964874268
mp-438,0.2947984039783478,0.22234630584716797
mp-11790,0.28152960538864136,0.23402397334575653
mp-755390,0.366345077753067,0.28562235832214355
mp-756482,0.2474718540906906,0.30768346786499023
mp-842,0.3053480088710785,0.3594123125076294
mp-7226,0.29973235726356506,0.34492263197898865
mp-27471,0.2710709869861603,0.21987926959991455
mp-3503,0.18395677208900452,0.23277419805526733
mp-18695,0.3173207640647888,0.28033095598220825
mp-20857,0.28536826372146606,0.29240334033966064
mp-16488,0.21750067174434662,0.24322934448719025
mp-754157,0.29358527064323425,0.26141873002052307
mp-865499,0.2982151210308075,0.35683056712150574
mp-10893,0.5872917175292969,0.34415939450263977
mp-561317,0.29004350304603577,0.2564111649990082
mp-22156,0.21296001970767975,0.3426252603530884
mp-1256,0.21364164352416992,0.20808547735214233
mp-754978,0.3486629128456116,0.2849065959453583
mp-7603,0.2497393786907196,0.25028741359710693
mp-865871,0.44757339358329773,0.30617159605026245
mp-672299,0.3234783709049225,0.2566179037094116
mp-640041,0.3301351070404053,0.38640713691711426
mp-1412685,1.0004165172576904,0.28420379757881165
mp-865353,0.23789288103580475,0.22651681303977966
mp-753393,-0.0021874508820474148,0.2890722453594208
mp-7804,0.24137090146541595,0.2961127758026123
mp-568404,0.17496560513973236,0.2177978754043579
mp-29069,0.3351978361606598,0.23633678257465363
mp-689940,0.16812174022197723,0.30559033155441284
mp-10911,0.24914918839931488,0.23881731927394867
mp-3210,0.18803156912326813,0.2888014614582062
mp-27488,0.3196425437927246,0.28809627890586853
mp-10165,0.22960323095321655,0.2070215791463852
mp-23697,3.9969587326049805,0.24171237647533417
mp-6963,0.34359118342399597,0.3184894621372223
mp-3944,0.3781835734844208,0.27608633041381836
mp-864835,0.40412989258766174,0.3615979552268982
mp-7506,0.25219130516052246,0.22775113582611084
mp-759839,0.5049872398376465,0.24776069819927216
mp-10736,0.30770328640937805,0.25138476490974426
mp-30769,0.18118226528167725,0.21750527620315552
mp-14092,0.32587146759033203,0.21395570039749146
mp-20581,0.2722145617008209,0.3539978563785553
mp-570150,0.21527792513370514,0.22090891003608704
mp-20485,0.22863304615020752,0.2044128179550171
mp-755646,0.2838435471057892,0.26658278703689575
mp-677335,0.19742316007614136,0.26787638664245605
mp-865490,0.30005934834480286,0.3101751506328583
mp-1014,0.45477116107940674,0.2923371493816376
mp-866081,0.38666191697120667,0.2890963852405548
mp-20452,0.25535959005355835,0.23422345519065857
mp-1521,0.28316107392311096,0.24420490860939026
mp-864772,0.26388782262802124,0.28936371207237244
mp-13446,0.47913628816604614,0.3241470456123352
mp-570418,0.22618058323860168,0.24230089783668518
mp-29806,0.3325156271457672,0.2562095522880554
mp-2920,0.25631508231163025,0.29401883482933044
mp-23240,0.24144883453845978,0.284363329410553
mp-19050,0.2782462239265442,0.32297632098197937
mp-636334,0.3588465452194214,0.26884379982948303
mp-27920,0.23316910862922668,0.26148441433906555
mp-1934,0.2542482912540436,0.3113837242126465
mp-2507,0.23509736359119415,0.2071487158536911
mp-779545,0.32451969385147095,0.24981114268302917
mp-1029395,0.2648567259311676,0.2428939789533615
mp-559,0.30829811096191406,0.38214111328125
mp-19225,0.3571484684944153,0.2999974489212036
mp-29862,-0.49693503975868225,0.23379449546337128
mp-73,-0.7043142914772034,0.32657137513160706
mp-569125,0.32655981183052063,0.22230909764766693
mp-31055,0.18903815746307373,0.25388720631599426
mp-22967,0.24007777869701385,0.25472837686538696
mp-1860,0.25167641043663025,0.2168947160243988
mp-945,0.31356748938560486,0.3723951578140259
mp-30875,0.27799633145332336,0.3449838161468506
mp-2574,0.3699345886707306,0.27825334668159485
mp-10748,0.2350778430700302,0.24009819328784943
mp-915,0.3095040023326874,0.29265889525413513
mp-13365,0.267817884683609,0.3394266366958618
mp-31169,0.3794392943382263,0.27127018570899963
mp-569249,0.34928080439567566,0.35329070687294006
mp-24192,0.2486724555492401,0.24007394909858704
mp-1430706,0.3052680492401123,0.26415005326271057
mp-30856,0.3552924692630768,0.40541189908981323
mp-10918,0.3084585666656494,0.26612016558647156
mp-567313,0.2219778150320053,0.17110198736190796
mp-22304,0.25881481170654297,0.21333786845207214
mp-20744,0.33652403950691223,0.27086779475212097
mp-31212,0.2709496021270752,0.2401248663663864
mp-30726,0.356540322303772,0.2959783971309662
mp-865640,0.2808564007282257,0.31890830397605896
mp-3567,0.38686758279800415,0.24636057019233704
mp-27919,0.22367830574512482,0.3479729890823364
mp-556961,-0.20050324499607086,0.2414085865020752
mp-866155,0.3182382881641388,0.2944437563419342
mp-865232,0.5027793645858765,0.35289329290390015
mp-866115,0.28347495198249817,0.3153994679450989
mp-24093,0.36211535334587097,0.26353010535240173
mp-866214,0.2443057894706726,0.26067280769348145
mp-11022,0.35751354694366455,0.29119572043418884
mp-865907,0.3552604019641876,0.3565364480018616
mp-690542,0.1546703577041626,0.26680368185043335
mp-867701,0.2962736487388611,0.21739879250526428
mp-7443,0.24593870341777802,0.22441330552101135
mp-505042,0.30073854327201843,0.2805483043193817
mp-1038,0.3239867687225342,0.2588440477848053
mp-2076,0.22800147533416748,0.23998281359672546
mp-9550,0.23811325430870056,0.2608620822429657
mp-7596,0.30079153180122375,0.26884883642196655
mp-31171,0.3809243440628052,0.3702560067176819
mp-28066,0.17922981083393097,0.2445877492427826
mp-2,0.37731263041496277,0.41320836544036865
mp-571513,0.3222258388996124,0.24466082453727722
mp-556788,0.1622805893421173,0.2336423695087433
mp-6914,0.21928434073925018,0.27462005615234375
mp-755814,0.3492976725101471,0.3020702004432678
mp-759178,0.29768407344818115,0.31248167157173157
mp-567681,0.3177364766597748,0.24572420120239258
mp-10760,0.21544399857521057,0.21723973751068115
mp-864639,0.312919944524765,0.3359244465827942
mp-38006,0.3222748041152954,0.26351305842399597
mp-22050,0.2396344691514969,0.2826234698295593
mp-22991,0.3633410334587097,0.25826773047447205
mp-8543,0.267808735370636,0.233993798494339
mp-7068,0.20968222618103027,0.21830841898918152
mp-684668,0.31755173206329346,0.23488140106201172
mp-571279,0.2213762104511261,0.25269991159439087
mp-996983,0.3789665102958679,0.2939194440841675
mp-1008835,0.2687545120716095,0.25434961915016174
mp-8192,0.30722764134407043,0.2587603032588959
mp-1339,0.23242667317390442,0.3490361273288727
mp-866094,0.3538622558116913,0.31995463371276855
mp-28592,0.23049034178256989,0.2330446094274521
mp-540791,0.2888099253177643,0.24408340454101562
mp-11959,0.291142076253891,0.24066604673862457
mp-19784,0.3188040256500244,0.2501068115234375
mp-555576,0.3011794090270996,0.281114399433136
mp-23155,0.34296292066574097,0.2138344943523407
mp-1104,0.2457922101020813,0.23947453498840332
mp-557668,0.19061098992824554,0.270912230014801
mp-2404,0.20562085509300232,0.23219451308250427
mp-3576,0.30725061893463135,0.299890398979187
mp-20952,0.30737075209617615,0.3255215883255005
mp-10046,0.2621387541294098,0.2861618995666504
mp-504908,0.31536543369293213,0.25249582529067993
mp-952,0.2844052314758301,0.38671374320983887
mp-1011377,0.31721270084381104,0.22018539905548096
mp-567809,0.35767683386802673,0.269747793674469
mp-22144,0.2589731216430664,0.3011062741279602
mp-1275,0.28331243991851807,0.2766397297382355
mp-1652,0.32545554637908936,0.4034397006034851
mp-754246,0.20970304310321808,0.29421886801719666
mp-12564,0.44025057554244995,0.27439215779304504
mp-819,0.3401486277580261,0.29513463377952576
mp-865187,0.2971916198730469,0.289154589176178
mp-39689,0.3144148290157318,0.31400057673454285
mp-2352,0.22902797162532806,0.2536485195159912
mp-755939,0.2533900737762451,0.26854223012924194
mp-864920,0.3735845685005188,0.322187215089798
mp-570677,0.24745748937129974,0.2287168800830841
mp-5498,0.25802645087242126,0.27994123101234436
mp-1055,0.30573633313179016,0.24779725074768066
mp-4613,0.24065262079238892,0.27810490131378174
mp-35841,0.2428600788116455,0.2319246232509613
mp-5048,0.2979854643344879,0.19630587100982666
mp-118,0.3095114827156067,0.2285746932029724
mp-3660,0.26424163579940796,0.2744920253753662
mp-30836,0.3170381188392639,0.3895905315876007
mp-755704,0.3190207779407501,0.3082232177257538
mp-33997,0.2845595180988312,0.30508819222450256
mp-694,0.2003224939107895,0.2520137131214142
mp-1023128,0.33242297172546387,0.2408239245414734
mp-7771,0.24719977378845215,0.27373597025871277
mp-5782,0.35025861859321594,0.22880919277668
mp-5292,0.2717883586883545,0.25042107701301575
mp-1595,0.34261947870254517,0.2743772864341736
mp-8636,0.7155666947364807,0.2858550548553467
mp-30882,0.2504141330718994,0.33481621742248535
mp-867794,0.3454262316226959,0.29462990164756775
mp-11313,0.3386686146259308,0.30516690015792847
mp-30759,0.7409987449645996,0.2185221016407013
mp-1880,0.2824304401874542,0.24297946691513062
mp-137,0.18405722081661224,0.27223971486091614
mp-2311,0.2588318884372711,0.2770805060863495
mp-13548,0.33131828904151917,0.3213420510292053
mp-19814,0.2941635847091675,0.2647291421890259
mp-5881,0.22280430793762207,0.2397463470697403
mp-861932,0.4320489764213562,0.34653472900390625
mp-1147,0.3057921528816223,0.32950732111930847
mp-10456,0.2764921188354492,0.35407769680023193
mp-15316,0.27130216360092163,0.2387809157371521
mp-30784,0.2871197462081909,0.3665878176689148
mp-17701,0.2763213515281677,0.2426730841398239
mp-30774,0.32549723982810974,0.2613315284252167
mp-19774,0.28503575921058655,0.26416128873825073
mp-6668,0.25026020407676697,0.284351110458374
mp-31379,0.35753268003463745,0.30514028668403625
mp-866169,0.3802253305912018,0.21060782670974731
mp-568865,0.28354424238204956,0.2509404420852661
mp-2716,0.38508880138397217,0.35608506202697754
mp-676290,0.26949554681777954,0.22889813780784607
mp-7790,0.2564711272716522,0.34902453422546387
mp-867756,0.3490385413169861,0.2972724437713623
mp-9027,0.2296985536813736,0.3065302073955536
mp-776456,0.32056760787963867,0.32715487480163574
mp-12103,0.34191232919692993,0.26263129711151123
mp-541014,0.2917708158493042,0.23454739153385162
mp-19735,0.33680787682533264,0.30051735043525696
mp-27321,0.2994721829891205,0.23381197452545166
mp-758388,0.5486698150634766,0.28533288836479187
mp-37501,0.34711867570877075,0.1998635232448578
mp-558110,0.17722511291503906,0.30626726150512695
mp-22904,0.3245149552822113,0.26008695363998413
mp-754318,0.3586500585079193,0.3181459903717041
mp-866650,0.06019924581050873,0.22444963455200195
mp-3464,0.28915318846702576,0.27222901582717896
mp-10289,0.21530528366565704,0.23186881840229034
mp-2604,0.2590344250202179,0.18949547410011292
mp-753508,0.3221130073070526,0.23139697313308716
mp-849637,0.28108787536621094,0.28928035497665405
mp-6179,0.2749473452568054,0.27751365303993225
mp-16733,0.25209182500839233,0.2450713813304901
mp-5193,0.2799859046936035,0.22128084301948547
mp-20315,0.19756020605564117,0.33429333567619324
mp-2657,0.2766294479370117,0.295049786567688
mp-11299,0.34285977482795715,0.31272822618484497
mp-4930,0.28168827295303345,0.28082728385925293
mp-21035,0.18932653963565826,0.2721315920352936
mp-2851,0.29334449768066406,0.2634326219558716
mp-504552,0.3113955557346344,0.2927596867084503
mp-5918,0.2636672258377075,0.3564108610153198
mp-985592,0.8082526922225952,0.21563267707824707
mp-569807,0.3237239420413971,0.28808465600013733
mp-20787,0.29371052980422974,0.2588074505329132
mp-7822,0.18145166337490082,0.27619272470474243
mp-978274,0.32653623819351196,0.27964136004447937
mp-20943,0.383952796459198,0.19237828254699707
mp-30177,0.23178590834140778,0.22879722714424133
mp-20622,0.3741231858730316,0.3692641854286194
mp-7543,0.4761596918106079,0.23787899315357208
mp-542903,0.27002814412117004,0.26413923501968384
mp-1349,0.3148156702518463,0.3544285297393799
mp-3881,0.3201335370540619,0.26185333728790283
mp-505527,0.22770956158638,0.3360491991043091
mp-971718,0.3989624083042145,0.24582591652870178
mp-567982,0.2892337739467621,0.28231555223464966
mp-345,0.2969863712787628,0.3418509364128113
mp-20145,0.32396963238716125,0.29551467299461365
mp-568803,0.1431800276041031,0.2269403338432312
mp-20112,0.3238329291343689,0.2878569960594177
mp-976017,0.3138858377933502,0.25194528698921204
mp-9172,0.2730010449886322,0.27779868245124817
mp-12467,0.21506726741790771,0.3168672025203705
mp-22474,0.3187330961227417,0.31634199619293213
mp-7573,0.24284711480140686,0.2757359743118286
mp-7559,0.29343393445014954,0.296737402677536
mp-13682,0.1997007131576538,0.25658658146858215
mp-5186,0.3335278332233429,0.2625783085823059
mp-539,0.2014835625886917,0.2099222093820572
mp-16828,0.25338438153266907,0.2731749713420868
mp-23506,0.3407609462738037,0.29251837730407715
mp-19128,0.38169431686401367,0.3311311602592468
mp-27710,0.14530541002750397,0.23402279615402222
mp-20757,0.26219695806503296,0.24219803512096405
mp-3650,0.2591232657432556,0.25580084323883057
mp-19356,0.32188913226127625,0.3056243360042572
mp-675009,0.28570544719696045,0.2116527259349823
mp-756436,0.3523259460926056,0.28906917572021484
mp-862312,0.29364562034606934,0.33656543493270874
mp-675926,0.26061391830444336,0.23525384068489075
mp-3955,0.08272428065538406,0.2760351300239563
mp-973024,0.26943179965019226,0.2931968569755554
mp-56,0.29214614629745483,0.2613285481929779
mp-9615,0.2129984349012375,0.2814446985721588
mp-557259,0.26188790798187256,0.25627216696739197
mp-759914,0.3067399859428406,0.27431389689445496
mp-763,0.1866111159324646,0.2284679412841797
mp-34467,0.23472066223621368,0.22786757349967957
mp-2588,0.37896132469177246,0.3203691244125366
mp-754401,0.29177477955818176,0.2668130397796631
mp-28306,0.2565882205963135,0.2838922441005707
mp-30449,0.30826112627983093,0.24144576489925385
mp-25886,0.22216548025608063,0.2915250062942505
mp-30805,0.30317801237106323,0.22684013843536377
mp-20641,0.3175475597381592,0.32015901803970337
mp-19276,0.31852230429649353,0.29469501972198486
mp-1029574,0.3322022557258606,0.24738699197769165
mp-5853,0.19508016109466553,0.2226576805114746
mp-1390196,0.3299349844455719,0.25509053468704224
mp-865043,0.35447949171066284,0.31127065420150757
mp-545999,0.4844801425933838,0.28202569484710693
mp-866003,0.24038058519363403,0.22975677251815796
mp-1001019,0.3440096378326416,0.23129472136497498
mp-865876,0.308638334274292,0.35086533427238464
mp-1330,0.16769270598888397,0.23263022303581238
mp-862365,0.3086797595024109,0.3249228894710541
mp-12648,0.09019489586353302,0.25647276639938354
mp-16765,0.22285214066505432,0.24542135000228882
mp-11523,0.4659460484981537,0.2870218753814697
mp-1683,0.2623230814933777,0.2250698208808899
mp-8180,0.2356029599905014,0.2732343375682831
mp-865591,0.29986584186553955,0.35390204191207886
mp-554134,0.2632383406162262,0.20590612292289734
mp-8689,0.23417878150939941,0.2444615662097931
mp-11557,0.35144108533859253,0.2919129431247711
mp-865669,0.3325783610343933,0.3190586268901825
mp-673635,0.29781851172447205,0.27600666880607605
mp-1269,0.3063031733036041,0.23171669244766235
mp-14763,0.2574988007545471,0.2983449399471283
mp-755000,0.3595152497291565,0.3147260844707489
mp-21296,0.3567178547382355,0.2647777795791626
mp-570213,0.2230919748544693,0.22557857632637024
mp-19247,0.4061390459537506,0.291199654340744
mp-865810,0.29084187746047974,0.3260851502418518
mp-5042,0.26149365305900574,0.3394116461277008
mp-7429,0.3063475787639618,0.3083054721355438
mp-30785,0.26350918412208557,0.34750044345855713
mp-30943,0.23033446073532104,0.21454115211963654
mp-568827,0.09960836172103882,0.26117363572120667
mp-866161,0.28367361426353455,0.32347944378852844
mp-22701,0.30707526206970215,0.2612704336643219
mp-570510,0.32263052463531494,0.2095436006784439
mp-865512,0.2969931662082672,0.29018813371658325
mp-555280,0.2952779233455658,0.3080507218837738
mp-1006880,0.17801308631896973,0.21667084097862244
mp-972828,0.33681780099868774,0.2526148855686188
mp-22876,0.3247414827346802,0.2366701364517212
mp-20847,0.3029095530509949,0.3469320237636566
mp-27691,0.26169538497924805,0.275448203086853
mp-758560,0.3157289922237396,0.27977198362350464
mp-4842,0.2737782895565033,0.2270078808069229
mp-633538,0.246451735496521,0.22764356434345245
mp-20228,0.44035622477531433,0.28751251101493835
mp-510430,0.20490942895412445,0.21745556592941284
mp-5152,0.3073263168334961,0.2810204029083252
mp-21003,0.2503431439399719,0.27121004462242126
mp-862609,0.29757454991340637,0.33286038041114807
mp-7875,0.1805887669324875,0.22882753610610962
mp-542896,0.34366148710250854,0.2955574095249176
mp-12571,0.18494074046611786,0.30572861433029175
mp-2659,0.32981306314468384,0.23881426453590393
mp-15896,0.3038369119167328,0.22570252418518066
mp-22055,0.3046221137046814,0.2930999994277954
mp-37906,0.1689143031835556,0.2287834882736206
mp-1029776,0.3018361032009125,0.22512543201446533
mp-867266,0.31444454193115234,0.22570952773094177
mp-16266,0.19230882823467255,0.2728099524974823
mp-11361,0.2960224151611328,0.23427937924861908
mp-568436,0.24145866930484772,0.2397044450044632
mp-352,0.29243332147598267,0.3170517385005951
mp-752974,0.24518273770809174,0.2857605814933777
mp-21926,0.33147135376930237,0.29436373710632324
mp-4009,0.34232422709465027,0.25735747814178467
mp-569815,0.2548229992389679,0.23339755833148956
mp-14568,0.28139886260032654,0.2381957471370697
mp-865569,0.30141231417655945,0.3462073802947998
mp-16501,0.42373377084732056,0.33714744448661804
mp-754764,0.2981206774711609,0.28019124269485474
mp-603930,0.25867873430252075,0.25786006450653076
mp-23712,0.30820733308792114,0.23374246060848236
mp-4753,0.2420278936624527,0.25744757056236267
mp-18732,0.2992384433746338,0.31689637899398804
mp-2078,0.2959221601486206,0.3488024175167084
mp-1994,0.13472814857959747,0.2906450629234314
mp-571033,0.347710520029068,0.2657332122325897
mp-1008798,0.32809799909591675,0.28192976117134094
mp-567397,0.2880907952785492,0.25701019167900085
mp-504708,0.3265177011489868,0.2642713785171509
mp-784630,0.31686270236968994,0.32348519563674927
mp-557559,0.2707149386405945,0.21988599002361298
mp-1029739,0.17499548196792603,0.2344944179058075
mp-3441,0.2609461843967438,0.2592119574546814
mp-636599,0.30788248777389526,0.27568307518959045
mp-754478,0.2959687113761902,0.27749893069267273
mp-568974,0.3096277415752411,0.24835944175720215
mp-865193,0.31245508790016174,0.3675157427787781
mp-10092,0.33931609988212585,0.24658769369125366
mp-9479,0.24968962371349335,0.21402770280838013
mp-626680,0.24955551326274872,0.27840545773506165
mp-757100,0.38137540221214294,0.2445041686296463
mp-861896,0.4055137038230896,0.3188326954841614
mp-3034,0.243963822722435,0.2251596450805664
mp-22426,0.2699994742870331,0.2610958218574524
mp-1029711,0.3446712791919708,0.2657255232334137
mp-996995,0.3496799170970917,0.3080263137817383
mp-865465,0.3358190655708313,0.3068405091762543
mp-2705,0.30059781670570374,0.39826783537864685
mp-3201,0.3314133286476135,0.2623046338558197
mp-569679,0.22260557115077972,0.3075644373893738
mp-111,0.3667081892490387,0.2204591929912567
mp-282,0.28379470109939575,0.3057861924171448
mp-4593,0.2509625554084778,0.2768908739089966
mp-669918,0.3228517472743988,0.28849127888679504
mp-1022724,0.26446792483329773,0.2266153246164322
mp-775127,0.3082728087902069,0.28029385209083557
mp-1409,0.2837234139442444,0.33158570528030396
mp-22318,0.19969816505908966,0.21811364591121674
mp-1020019,0.22321996092796326,0.25682562589645386
mp-2910,0.3244872987270355,0.2441093623638153
mp-5928,0.26388823986053467,0.2229115068912506
mp-568866,0.265150785446167,0.2498140186071396
mp-754711,0.2735447287559509,0.2652164101600647
mp-15986,0.2907004654407501,0.2741038501262665
mp-989560,0.32625022530555725,0.23478342592716217
mp-11486,0.2196413278579712,0.24012276530265808
mp-16305,0.25335127115249634,0.26867082715034485
mp-569753,0.45237499475479126,0.2487340271472931
mp-776083,0.23578207194805145,0.28246262669563293
mp-977059,0.35818833112716675,0.3930344581604004
mp-34903,0.29027634859085083,0.22712114453315735
mp-11113,0.18166451156139374,0.29061374068260193
mp-20928,0.22694048285484314,0.24663236737251282
mp-22965,0.2205270528793335,0.19207435846328735
mp-29678,0.3842153251171112,0.220481276512146
mp-22631,0.33907297253608704,0.3321308493614197
mp-7437,0.20792832970619202,0.30402952432632446
mp-675,0.32219335436820984,0.2821609079837799
mp-12266,0.30309927463531494,0.2643570005893707
mp-23797,0.26449042558670044,0.2747792899608612
mp-14105,0.34660041332244873,0.2651838958263397
mp-29088,0.25286081433296204,0.23631995916366577
mp-3833,0.28148195147514343,0.20682282745838165
mp-20565,0.3313993215560913,0.2862006723880768
mp-757975,0.2581457197666168,0.2944743037223816
mp-675464,0.35737818479537964,0.269150972366333
mp-866298,0.281172513961792,0.2709394097328186
mp-12884,0.2973569929599762,0.3378884792327881
mp-861736,0.44684723019599915,0.32860711216926575
mp-1501,0.3582618236541748,0.3457176089286804
mp-865916,0.3035304546356201,0.30673661828041077
mp-504591,0.34786704182624817,0.271981418132782
mp-3163,0.22621077299118042,0.27492550015449524
mp-865650,0.3026076555252075,0.34896156191825867
mp-1029,0.30758094787597656,0.24120184779167175
mp-865224,0.2567068636417389,0.22036106884479523
mp-570689,0.33613261580467224,0.2896861135959625
mp-2648,0.25043031573295593,0.21384090185165405
mp-28174,0.22374530136585236,0.24741367995738983
mp-12093,0.5467052459716797,0.2716400623321533
mp-570099,0.4418644905090332,0.2777898907661438
mp-2680,0.20029570162296295,0.22593200206756592
mp-639874,0.3491709530353546,0.3087381422519684
mp-124,0.3804728388786316,0.3120625913143158
mp-541404,0.34165292978286743,0.3107132315635681
mp-1370756,0.3261096477508545,0.3198886811733246
mp-1002206,0.20683525502681732,0.2093365341424942
mp-22289,0.3014187216758728,0.29305705428123474
mp-1019097,0.33748242259025574,0.20763230323791504
mp-568286,0.19414810836315155,0.2128109335899353
mp-1029573,0.2717566192150116,0.2369602620601654
mp-20083,0.2713859975337982,0.24656301736831665
mp-1029336,0.384046733379364,0.30393823981285095
mp-5251,0.2915266156196594,0.2955588698387146
mp-3094,0.26479044556617737,0.2726098299026489
mp-19376,0.31347858905792236,0.30396556854248047
mp-13061,0.36451512575149536,0.2841673791408539
mp-19219,0.2775992453098297,0.2728716731071472
mp-4997,0.23334993422031403,0.24677865207195282
mp-10615,0.23333615064620972,0.23311425745487213
mp-14099,0.3610806167125702,0.27728888392448425
mp-9549,0.277693510055542,0.2740482687950134
mp-1654,0.3516889214515686,0.2982221245765686
mp-756527,0.23313772678375244,0.27638834714889526
mp-9023,0.2647942006587982,0.28199777007102966
mp-1689,0.3700372278690338,0.3253296911716461
mp-567412,0.21260306239128113,0.2699752449989319
mp-14796,0.2886216342449188,0.2874737083911896
mp-865126,0.519420325756073,0.3196582496166229
mp-2987,0.2956806421279907,0.21719282865524292
mp-11358,0.1895447075366974,0.3295447528362274
mp-4236,0.32480183243751526,0.30170825123786926
mp-20711,0.38034480810165405,0.26828238368034363
mp-2583,0.38015663623809814,0.35526132583618164
mp-541937,0.28271353244781494,0.23399487137794495
mp-571216,0.22086364030838013,0.2289753258228302
mp-12622,0.3410085439682007,0.26631486415863037
mp-35035,0.36159804463386536,0.2311895191669464
mp-1545,0.30925390124320984,0.2944188117980957
mp-640073,0.3443619906902313,0.2458144873380661
mp-756490,0.24748994410037994,0.2212773710489273
mp-5213,0.283134788274765,0.23911765217781067
mp-7909,0.2442459911108017,0.2006850391626358
mp-2811,0.25056397914886475,0.2737106680870056
mp-862256,0.5591240525245667,0.34280508756637573
mp-7000,-0.0014864669647067785,0.2381950467824936
mp-10797,0.29926395416259766,0.27286556363105774
mp-15695,0.3183387517929077,0.30980032682418823
mp-556324,0.31467363238334656,0.270084410905838
mp-10021,0.3605926036834717,0.20278719067573547
mp-865160,0.30961331725120544,0.29035139083862305
mp-2065,0.21505552530288696,0.2558390200138092
mp-7863,0.19724826514720917,0.24925529956817627
mp-8401,0.2612607479095459,0.24023222923278809
mp-865985,0.3568744659423828,0.3975067734718323
mp-4419,0.20079539716243744,0.28447452187538147
mp-485,0.3191855549812317,0.3097198009490967
mp-14983,0.20931047201156616,0.21521905064582825
mp-4043,0.22467763721942902,0.2381766438484192
mp-998988,0.384657084941864,0.33830684423446655
mp-21276,0.2622556984424591,0.1969655603170395
mp-21026,0.3889271318912506,0.2570866048336029
mp-19183,0.3122583031654358,0.26883041858673096
mp-608,0.3131544888019562,0.3252057731151581
mp-23247,0.21228130161762238,0.2595840394496918
mp-19079,0.4234817922115326,0.32885271310806274
mp-11281,0.16601526737213135,0.29120394587516785
mp-22518,0.24666528403759003,0.3081376850605011
mp-1009020,0.9855780005455017,0.27708208560943604
mp-864844,-0.8261882066726685,0.37117427587509155
mp-669692,0.32222482562065125,0.3911372125148773
mp-350,0.2739575207233429,0.2658088505268097
mp-9254,0.21009081602096558,0.18169164657592773
mp-10919,0.3036811649799347,0.26412832736968994
mp-864762,0.22528432309627533,0.2673623859882355
mp-557523,0.18444092571735382,0.2456044852733612
mp-757027,0.318633109331131,0.27957427501678467
mp-1027,0.2744438648223877,0.33944982290267944
mp-5621,0.23921844363212585,0.2387920767068863
mp-27638,0.2975578010082245,0.2632225751876831
mp-23137,0.25003108382225037,0.29139673709869385
mp-2116,0.3754881024360657,0.2956075072288513
mp-29403,0.13232490420341492,0.2300969362258911
mp-11696,0.2683727443218231,0.2560373544692993
mp-10182,0.18856394290924072,0.2855077087879181
mp-30423,0.39066508412361145,0.3675762116909027
mp-30655,0.2963942289352417,0.24410505592823029
mp-867761,0.3037821054458618,0.29535672068595886
mp-7436,0.2405528724193573,0.240702822804451
mp-13270,0.3555203080177307,0.2941509485244751
mp-1007770,0.2934134900569916,0.21454739570617676
mp-13920,0.2751796245574951,0.2885424494743347
mp-5724,0.07163190841674805,0.2837868630886078
mp-864657,0.24753177165985107,0.2295892834663391
mp-15297,0.2642423212528229,0.36498889327049255
mp-21508,0.3413921594619751,0.32337629795074463
mp-22036,0.37165194749832153,0.31859269738197327
mp-1260,0.3094174265861511,0.3833182156085968
mp-15895,0.3028714954853058,0.22486639022827148
mp-571636,0.2889367938041687,0.20774441957473755
mp-554352,0.3178854286670685,0.2446681559085846
mp-10000,0.2631596624851227,0.3528909385204315
mp-22344,0.3446301221847534,0.22816044092178345
mp-20805,0.37004899978637695,0.25883617997169495
mp-94,0.32729437947273254,0.31718116998672485
mp-2647,0.35684633255004883,0.2726057469844818
mp-754084,0.32454994320869446,0.2717968821525574
mp-754694,0.26699480414390564,0.2679885923862457
mp-1849,0.2831438481807709,0.29827219247817993
mp-755882,0.3106325566768646,0.27755478024482727
mp-1386610,0.3140227198600769,0.2809181213378906
mp-3702,0.33469241857528687,0.35517260432243347
mp-5456,0.26599958539009094,0.2875324487686157
mp-756361,0.3282516300678253,0.26007476449012756
mp-754039,0.36294665932655334,0.2952840328216553
mp-11552,0.5077686905860901,0.3680645823478699
mp-972042,0.31808432936668396,0.37052395939826965
mp-4051,-0.28156664967536926,0.282560795545578
mp-866086,0.31929680705070496,0.2830136716365814
mp-754958,0.39586442708969116,0.3034757971763611
mp-865448,0.3220386505126953,0.29940494894981384
mp-16860,0.29827022552490234,0.25789257884025574
mp-1007974,0.2803479731082916,0.31456029415130615
mp-7092,0.22346730530261993,0.33422619104385376
mp-4536,0.3250320851802826,0.2724100649356842
mp-567279,0.28876233100891113,0.29210421442985535
mp-973217,0.35722067952156067,0.2113305777311325
mp-4784,0.29961922764778137,0.3268081545829773
mp-14091,0.34503650665283203,0.22817738354206085
mp-690535,0.2566209137439728,0.28825274109840393
mp-27440,0.34021705389022827,0.29148033261299133
mp-866201,0.634520947933197,0.34662938117980957
mp-1692,0.4171244204044342,0.2925635278224945
mp-558781,0.3206922709941864,0.2814519703388214
mp-864798,0.3196059763431549,0.35731562972068787
mp-34579,0.3202263414859772,0.25030574202537537
mp-17702,0.3384549021720886,0.2848251760005951
mp-864972,0.31633079051971436,0.31812164187431335
mp-865554,0.29694944620132446,0.2922936975955963
mp-995122,0.18148870766162872,0.22072601318359375
mp-1102,0.18127721548080444,0.2516779601573944
mp-10658,-130.93309020996094,0.2514028251171112
mp-6930,-0.03290506452322006,0.23827272653579712
mp-2062,0.29864805936813354,0.21071046590805054
mp-762268,0.24291816353797913,0.2847730219364166
mp-757056,0.055962640792131424,0.2660207748413086
mp-862431,0.3368231952190399,0.3020845949649811
mp-28610,0.28016769886016846,0.2539077401161194
mp-10883,0.3012216091156006,0.29822346568107605
mp-869,0.19058431684970856,0.2281525880098343
mp-13914,0.24468232691287994,0.27545231580734253
mp-864906,0.484504371881485,0.28593769669532776
mp-866139,0.335746169090271,0.2971342206001282
mp-20407,0.2948271930217743,0.295549601316452
mp-3155,0.22398196160793304,0.24474474787712097
mp-333,0.28308820724487305,0.31187984347343445
mp-754806,0.2831015884876251,0.3080809414386749
mp-30746,0.32827040553092957,0.3192351758480072
mp-865659,0.33038902282714844,0.3190097510814667
mp-866159,0.31496119499206543,0.3024415969848633
mp-11658,0.3226098418235779,0.2280195951461792
mp-861184,0.2809109687805176,0.21707956492900848
mp-558137,0.22114770114421844,0.26576459407806396
mp-696752,0.23738494515419006,0.2861466407775879
mp-616559,0.2591932415962219,0.3403918147087097
mp-4989,0.29657578468322754,0.2783847153186798
mp-30351,0.4841462969779968,0.2915021479129791
mp-11695,0.3512492775917053,0.28391408920288086
mp-10877,0.22371254861354828,0.23697562515735626
mp-603347,0.41032665967941284,0.35579511523246765
mp-22966,0.3068539798259735,0.23818258941173553
mp-2557,0.2812884449958801,0.2824854254722595
mp-867252,0.3189598023891449,0.33765166997909546
mp-1008487,0.2691650390625,0.2540901303291321
mp-570845,0.29436394572257996,0.2743789255619049
mp-776331,0.2758105397224426,0.25857242941856384
mp-4681,0.2508329153060913,0.2822338938713074
mp-754895,0.2691132724285126,0.2563399374485016
mp-19862,0.34087666869163513,0.2081717699766159
mp-510219,0.2771666347980499,0.23560459911823273
mp-10426,0.18945196270942688,0.2806206941604614
mp-21859,0.3785322904586792,0.2507077753543854
mp-1023923,0.3256036043167114,0.21618178486824036
mp-30460,0.24316801130771637,0.27678000926971436
mp-1590,0.09020566940307617,0.260154664516449
mp-862855,0.3517951965332031,0.27551060914993286
mp-10136,0.20090346038341522,0.31842711567878723
mp-9923,0.1786232739686966,0.27054813504219055
mp-19946,0.3289530575275421,0.24799415469169617
mp-3173,0.21714980900287628,0.22074905037879944
mp-812,0.3040577471256256,0.279597669839859
mp-10969,0.36874979734420776,0.24570582807064056
mp-555434,0.2835047245025635,0.27675387263298035
mp-758053,0.29448559880256653,0.2840845286846161
mp-1019362,0.31450045108795166,0.20670539140701294
mp-866088,0.29311320185661316,0.35731056332588196
mp-559044,0.33570122718811035,0.2358899712562561
mp-866001,0.2770825922489166,0.2942661643028259
mp-18966,0.35660800337791443,0.2988972067832947
mp-752965,0.27210184931755066,0.29508641362190247
mp-19734,0.07620236277580261,0.23929181694984436
mp-14600,0.2543838322162628,0.286946177482605
mp-10157,0.585212767124176,0.2573961019515991
mp-866296,0.4857228398323059,0.3399127721786499
mp-101,0.24132578074932098,0.3683851659297943
mp-756473,-0.24131424725055695,0.23498384654521942
mp-1393,0.39719295501708984,0.2402833253145218
mp-996,0.33664020895957947,0.29871389269828796
mp-3862,0.22410406172275543,0.22717441618442535
mp-866117,0.44030752778053284,0.3582695722579956
mp-12635,0.375604510307312,0.3594110608100891
mp-30366,0.3168475031852722,0.38494932651519775
mp-29898,0.31906503438949585,0.26691684126853943
mp-8046,0.25391435623168945,0.2926444113254547
mp-861616,0.3340752422809601,0.28578922152519226
mp-19156,0.4056990146636963,0.3023201823234558
mp-1266,0.2629733681678772,0.22296786308288574
mp-23702,0.22788238525390625,0.2357238233089447
mp-20432,0.3801944851875305,0.26734939217567444
mp-753371,0.42233267426490784,0.23025530576705933
mp-1476,0.2844865918159485,0.23676808178424835
mp-978525,0.6706374883651733,0.22664189338684082
mp-3953,0.31388089060783386,0.29069000482559204
mp-549,0.2725476920604706,0.25966915488243103
mp-259,0.27136796712875366,0.2814057469367981
mp-2772,0.1934725046157837,0.22267180681228638
mp-2767,0.2415921837091446,0.3288439214229584
mp-23317,0.16035057604312897,0.2530919909477234
mp-1804,0.299743115901947,0.27582064270973206
mp-1963,0.3389761745929718,0.3034989535808563
mp-5702,0.3320934474468231,0.2376137673854828
mp-676416,0.24385106563568115,0.28393256664276123
mp-862737,0.4139665365219116,0.3500027656555176
mp-568931,0.29359424114227295,0.2668934464454651
mp-755325,0.2685665786266327,0.30619215965270996
mp-13683,0.241041898727417,0.3395712971687317
mp-1029262,0.32403165102005005,0.3222477436065674
mp-861978,0.2899753451347351,0.36153310537338257
mp-19003,0.330830454826355,0.29769712686538696
mp-1798,0.19423513114452362,0.2348354458808899
mp-972741,0.5213243365287781,0.20870357751846313
mp-2858,0.2996785044670105,0.2788887917995453
mp-762271,0.5404238104820251,0.29691654443740845
mp-1029293,0.31705719232559204,0.27594518661499023
mp-21418,0.3885901868343353,0.3107820153236389
mp-1982,0.2970719039440155,0.2754518687725067
mp-865678,0.3117556571960449,0.3029876947402954
mp-777463,0.28413674235343933,0.2444949597120285
mp-753081,0.33431312441825867,0.2653447091579437
mp-560888,0.27048641443252563,0.29495924711227417
mp-16263,0.18872907757759094,0.2835392355918884
mp-864938,0.34157028794288635,0.22098499536514282
mp-3521,0.3038499057292938,0.24078738689422607
mp-999052,-0.1952548325061798,0.3251241147518158
mp-28357,0.4386846423149109,0.2608260214328766
mp-29633,0.3991261124610901,0.3182375431060791
mp-29009,0.2649385631084442,0.24210773408412933
mp-1041928,0.3648146390914917,0.2924802601337433
mp-865030,0.30450212955474854,0.3334137201309204
mp-16363,0.1836903840303421,0.23729641735553741
mp-31220,0.24115906655788422,0.1858975738286972
mp-7928,0.2856806516647339,0.25886601209640503
mp-5443,0.2892029881477356,0.24574577808380127
mp-19094,0.28228485584259033,0.31056898832321167
mp-16304,0.3286522626876831,0.30592843890190125
mp-1029312,0.23429960012435913,0.273846834897995
mp-973364,0.2830510139465332,0.23812717199325562
mp-604884,0.20560745894908905,0.23978309333324432
mp-568328,0.16935715079307556,0.23729974031448364
mp-404,0.28873246908187866,0.2392757385969162
mp-1871,0.30177661776542664,0.26827749609947205
mp-2513,0.24946753680706024,0.2906213104724884
mp-45,0.30671200156211853,0.4198742210865021
mp-865803,0.2989045977592468,0.36054638028144836
mp-4238,0.3039899170398712,0.282884418964386
mp-3033,0.32505592703819275,0.28689461946487427
mp-625054,0.20262108743190765,0.2745058834552765
mp-28319,0.14591488242149353,0.29546627402305603
mp-865486,0.34030306339263916,0.34270626306533813
mp-867226,0.28994429111480713,0.21611569821834564
mp-644607,0.3623550832271576,0.24234670400619507
mp-3623,0.2703286111354828,0.31412509083747864
mp-28919,0.21030424535274506,0.34175848960876465
mp-19147,0.26848089694976807,0.280729204416275
mp-7814,0.21413569152355194,0.2822096645832062
mp-568560,0.32803332805633545,0.21837234497070312
mp-975868,0.21730773150920868,0.21954673528671265
mp-553432,0.1305866539478302,0.3103300929069519
mp-4030,0.3428541123867035,0.28018641471862793
mp-1840,0.32031822204589844,0.30860885977745056
mp-753013,0.35084691643714905,0.30431070923805237
mp-971683,0.19232980906963348,0.23455539345741272
mp-11261,0.33236223459243774,0.31992754340171814
mp-864946,0.3865801692008972,0.3654203414916992
mp-570832,0.3114542067050934,0.38005709648132324
mp-9953,0.25817981362342834,0.33923113346099854
mp-28266,0.2731916010379791,0.29855844378471375
mp-865094,0.3134728968143463,0.34095796942710876
mp-23330,0.2705408036708832,0.2844363749027252
mp-13801,0.2881440818309784,0.2936551570892334
mp-2350,0.2881757318973541,0.22914153337478638
mp-11718,0.25767946243286133,0.24715957045555115
mp-861931,0.29737135767936707,0.37370631098747253
mp-22309,0.22735358774662018,0.23889760673046112
mp-862658,0.32483917474746704,0.2696167528629303
mp-973983,0.3923703730106354,0.3977879285812378
mp-12524,0.5110363364219666,0.23876160383224487
mp-415,0.2475523203611374,0.27907851338386536
mp-9902,0.23901203274726868,0.2613859474658966
mp-31452,0.3376162052154541,0.2844594419002533
mp-605028,0.29889288544654846,0.2945757806301117
mp-2472,0.23607011139392853,0.29441729187965393
mp-1749,0.2897454798221588,0.22669854760169983
mp-567308,0.22902506589889526,0.3025323152542114
mp-971669,0.2704102098941803,0.23836535215377808
mp-1487,0.3061716556549072,0.2645924389362335
mp-30494,0.3097597062587738,0.2991178631782532
mp-30160,0.4932016134262085,0.2232896089553833
mp-23259,0.19770154356956482,0.23930926620960236
mp-1001788,0.39494526386260986,0.23405517637729645
mp-864990,0.27097612619400024,0.28682827949523926
mp-18937,0.32475197315216064,0.314719557762146
mp-1029932,0.26132088899612427,0.26474547386169434
mp-755436,0.3291281461715698,0.28246966004371643
mp-571638,0.2811841368675232,0.25464800000190735
mp-976060,0.23857593536376953,0.22209666669368744
mp-11275,0.21178992092609406,0.28648367524147034
mp-753541,0.3740660846233368,0.24757198989391327
mp-18717,0.38245853781700134,0.3049059212207794
mp-7086,0.32981497049331665,0.2359389066696167
mp-2452,0.2698487937450409,0.2774466276168823
mp-22880,0.2705398499965668,0.2741638422012329
mp-776532,0.29058247804641724,0.28538912534713745
mp-10030,0.37839987874031067,0.2516058683395386
mp-5929,0.26366931200027466,0.22566582262516022
mp-1317,0.2203512340784073,0.244888037443161
mp-510380,0.2241813689470291,0.3037201464176178
mp-22916,0.3128925561904907,0.24591436982154846
mp-1153,0.17577946186065674,0.2155556082725525
mp-865308,0.3239578902721405,0.27767524123191833
mp-9179,0.2826381325721741,0.2230214774608612
mp-866073,0.337772399187088,0.259691059589386
mp-866375,0.2532137930393219,0.3084116280078888
mp-11449,0.37334582209587097,0.313544899225235
mp-997100,0.2966003119945526,0.2862370014190674
mp-19747,0.32423537969589233,0.24222253262996674
mp-977013,0.3097597658634186,0.23243188858032227
mp-991676,0.22568251192569733,0.22283348441123962
mp-8276,0.22321508824825287,0.302658349275589
mp-7431,0.31114494800567627,0.3005979061126709
mp-507,0.3690640330314636,0.2715299129486084
mp-11918,0.26390165090560913,0.26571160554885864
mp-22367,0.38154348731040955,0.2858226001262665
mp-1573,0.3348758816719055,0.2757779657840729
mp-866069,0.3035447597503662,0.28414902091026306
mp-11192,0.19387756288051605,0.29088294506073
mp-754151,0.27727875113487244,0.2942677438259125
mp-18773,0.009121151641011238,0.27977779507637024
mp-7787,0.31679248809814453,0.32203686237335205
mp-1057,0.23092219233512878,0.25666531920433044
mp-752975,0.307291716337204,0.28028997778892517
mp-27821,0.24531352519989014,0.24754109978675842
mp-768305,0.25601786375045776,0.29555562138557434
mp-11533,0.31343892216682434,0.3276417851448059
mp-2776,0.420030802488327,0.25224000215530396
mp-11286,0.2652285695075989,0.30709579586982727
mp-867127,0.3573840260505676,0.30409571528434753
mp-554601,0.29556483030319214,0.25196799635887146
mp-1271850,0.22392287850379944,0.30414608120918274
mp-505554,0.23532918095588684,0.25573092699050903
mp-979273,0.42724326252937317,0.3637060523033142
mp-571059,0.3484746217727661,0.30112314224243164
mp-36,0.3153689503669739,0.30145686864852905
mp-754012,0.2076476812362671,0.2680318355560303
mp-865191,0.3092925250530243,0.2796895503997803
mp-1047616,0.38334789872169495,0.2879839539527893
mp-11879,0.26146525144577026,0.2289445698261261
mp-936,0.2964697480201721,0.32956361770629883
mp-776205,0.29800382256507874,0.3395547568798065
mp-1029779,0.28562718629837036,0.2656395733356476
mp-13155,0.29388949275016785,0.3630934953689575
mp-4342,0.23210646212100983,0.2895336449146271
mp-23514,0.38259169459342957,0.20595425367355347
mp-21469,0.3238517940044403,0.304877370595932
mp-24,0.04648828133940697,0.21356135606765747
mp-775906,0.2989838123321533,0.2843104898929596
mp-23297,0.28736740350723267,0.25127649307250977
mp-763353,0.292068213224411,0.29114842414855957
mp-5748,0.3648707866668701,0.3073261082172394
mp-14142,0.36450478434562683,0.32417020201683044
mp-756132,0.3560519814491272,0.28265950083732605
mp-11322,0.233644500374794,0.29192450642585754
mp-978275,0.12569096684455872,0.22818580269813538
mp-866164,0.3312947750091553,0.280484676361084
mp-27979,0.262676477432251,0.23336854577064514
mp-2430,0.22305706143379211,0.2979882061481476
mp-755450,0.2986403703689575,0.30185234546661377
mp-203,0.3482568860054016,0.25158461928367615
mp-570157,0.05650622397661209,0.2618265151977539
mp-29646,0.23199713230133057,0.315883070230484
mp-22565,0.30339112877845764,0.26838815212249756
mp-866224,0.3857264518737793,0.31675654649734497
mp-7761,0.37581562995910645,0.21664142608642578
mp-1029446,0.020634319633245468,0.2433289736509323
mp-756408,0.3064632713794708,0.2669498026371002
mp-443,0.40020936727523804,0.3358655571937561
mp-22268,0.27900296449661255,0.27492356300354004
mp-2794,0.3289550840854645,0.2711654007434845
mp-752947,0.22482654452323914,0.2823309004306793
mp-864987,0.34047940373420715,0.3367626667022705
mp-3805,0.23725564777851105,0.24843168258666992
mp-552934,0.34261298179626465,0.27525001764297485
mp-2033,0.33442988991737366,0.3104338049888611
mp-504974,0.36396679282188416,0.29441574215888977
mp-865362,0.3385600447654724,0.38755401968955994
mp-572283,0.2964111566543579,0.2339155077934265
mp-20621,0.3021906316280365,0.20970186591148376
mp-23263,0.2812127470970154,0.25356027483940125
mp-102,0.29291126132011414,0.35894685983657837
mp-567197,0.2731088697910309,0.2855972349643707
mp-9921,0.2862650454044342,0.22245505452156067
mp-3791,0.2696966230869293,0.28137093782424927
mp-416,0.33664003014564514,0.2857529819011688
mp-30847,0.31934815645217896,0.3524046242237091
mp-866056,0.38972973823547363,0.245256245136261
mp-11580,0.24944931268692017,0.2829272747039795
mp-10224,-4.8501458168029785,0.24355542659759521
mp-190,0.2798196077346802,0.2957595884799957
mp-23041,0.2943311631679535,0.21170079708099365
mp-27828,0.2716333568096161,0.25479209423065186
mp-861908,0.34591248631477356,0.3397635221481323
mp-16521,0.2648524045944214,0.2693707048892975
mp-4559,0.2903949022293091,0.2782542407512665
mp-555678,0.300897479057312,0.30729952454566956
mp-569775,0.23820637166500092,0.21899600327014923
mp-27243,0.27534303069114685,0.28213247656822205
mp-4391,0.26814958453178406,0.2599100172519684
mp-782035,0.20923037827014923,0.2716244161128998
mp-753671,0.11571815609931946,0.27300965785980225
mp-2658,0.2688647508621216,0.251339852809906
mp-865866,0.44091200828552246,0.33925479650497437
mp-866194,0.3117694854736328,0.24777600169181824
mp-11537,0.283273845911026,0.27374643087387085
mp-4531,0.28978386521339417,0.28515541553497314
mp-715572,0.3076866567134857,0.2954654395580292
mp-31072,0.5036407113075256,0.2694089710712433
mp-562,0.2778225541114807,0.27616071701049805
mp-829,0.35022681951522827,0.326709121465683
mp-9561,0.1752549558877945,0.24569754302501678
mp-510346,0.28279808163642883,0.20665037631988525
mp-862367,0.30117207765579224,0.29496628046035767
mp-867123,0.3332996070384979,0.34512919187545776
mp-1042578,0.35217252373695374,0.30373507738113403
mp-22700,0.22261379659175873,0.2558427155017853
mp-690658,0.25121834874153137,0.30452197790145874
mp-571589,0.44259050488471985,0.2711455225944519
mp-861507,0.2674751877784729,0.29799386858940125
mp-67,0.2571600675582886,0.30137667059898376
mp-4728,0.3116813898086548,0.22900643944740295
mp-555760,0.25661662220954895,0.21953782439231873
mp-1018107,0.15098802745342255,0.22497063875198364
mp-2827,0.3596895635128021,0.327075332403183
mp-18817,0.24922992289066315,0.2785182297229767
mp-775296,0.3207056224346161,0.30455827713012695
mp-9564,0.21069493889808655,0.2453916072845459
mp-361,0.4634789228439331,0.27389106154441833
mp-7421,0.2143532633781433,0.30695822834968567
mp-1818,0.28359201550483704,0.2337273806333542
mp-5690,0.28769657015800476,0.285586416721344
mp-20662,0.28909772634506226,0.23677168786525726
mp-30312,0.3192216753959656,0.2960094213485718
mp-10967,0.32277581095695496,0.23277556896209717
mp-12079,0.21310865879058838,0.27619028091430664
mp-458,0.3219510614871979,0.317812442779541
mp-862371,0.31916752457618713,0.3186298906803131
mp-9577,0.2127661108970642,0.2439049482345581
mp-1069,0.2132146954536438,0.32548150420188904
mp-3359,0.27162230014801025,0.2759547531604767
mp-756480,0.3162323534488678,0.2819415330886841
mp-20533,0.27709823846817017,0.2510075569152832
mp-2646,0.3168649971485138,0.23224815726280212
mp-20426,0.35910430550575256,0.2695360779762268
mp-27579,0.2787919342517853,0.2752789556980133
mp-675045,0.30563122034072876,0.23603437840938568
mp-11413,0.21640871465206146,0.22467906773090363
mp-10300,0.25819531083106995,0.27570122480392456
mp-867163,0.291176438331604,0.3022077977657318
mp-4117,0.23938222229480743,0.2531776428222656
mp-752598,0.32344257831573486,0.28652554750442505
mp-567771,0.22258417308330536,0.22306114435195923
mp-862543,0.32975438237190247,0.2779429256916046
mp-753469,0.26597291231155396,0.3157406151294708
mp-555162,0.3051186501979828,0.24968650937080383
mp-21075,0.1963699460029602,0.3508802354335785
mp-30591,0.2581576108932495,0.2282625436782837
mp-24286,0.39689865708351135,0.24987223744392395
mp-21069,0.3233358561992645,0.26366010308265686
mp-1029506,0.31137150526046753,0.24244965612888336
mp-19306,0.3371428847312927,0.2958945035934448
mp-8,0.2952392101287842,0.3141544759273529
mp-866157,0.6319310665130615,0.30434033274650574
mp-1029737,0.2836533188819885,0.3030076026916504
mp-10198,0.2986796796321869,0.33784425258636475
mp-30183,0.21815910935401917,0.2417147159576416
mp-568789,0.23815326392650604,0.3302111029624939
mp-11818,0.20741714537143707,0.28924909234046936
mp-558518,0.20863445103168488,0.2549700438976288
mp-13982,0.317368745803833,0.2290676236152649
mp-4984,0.2820621132850647,0.2742747366428375
mp-2649,0.49800828099250793,0.29769060015678406
mp-21092,0.42396703362464905,0.2740529477596283
mp-580287,0.3909658193588257,0.3129977881908417
mp-11247,0.4277206361293793,0.2585832476615906
mp-2319,0.200741708278656,0.2654877305030823
mp-4826,0.27758798003196716,0.3195653557777405
mp-754765,0.38258907198905945,0.2938744127750397
mp-624492,0.2921793758869171,0.2617458999156952
mp-569568,0.21295815706253052,0.2999674677848816
mp-4499,0.2973126769065857,0.2109011709690094
mp-644264,0.21106237173080444,0.25193578004837036
mp-24161,0.5455135107040405,0.3111926019191742
mp-864902,0.31231606006622314,0.2548603415489197
mp-10167,0.43259549140930176,0.21228931844234467
mp-13583,0.26277026534080505,0.2626649737358093
mp-16271,0.335224449634552,0.24609994888305664
mp-29057,0.21390409767627716,0.25545546412467957
mp-313,0.3400298058986664,0.22895097732543945
mp-21374,0.26067495346069336,0.19349893927574158
mp-570112,0.2945731282234192,0.2387930005788803
mp-557862,0.3349917232990265,0.2839027941226959
mp-27930,0.1639639139175415,0.21802598237991333
mp-22065,0.3319518566131592,0.27399784326553345
mp-569151,0.35837122797966003,0.3071885406970978
mp-1011375,0.21847495436668396,0.2169843167066574
mp-505824,0.3191344141960144,0.2708393335342407
mp-636284,0.29949408769607544,0.28221455216407776
mp-2385,0.34726864099502563,0.2719784379005432
mp-5163,0.3484697639942169,0.29601845145225525
mp-753395,0.20162416994571686,0.2882364094257355
mp-568961,0.27100810408592224,0.26453283429145813
mp-1445377,0.4389880895614624,0.2896369993686676
mp-998860,-7.22136116027832,0.22735297679901123
mp-24428,0.2703408896923065,0.24259178340435028
mp-2828,0.25452008843421936,0.34274330735206604
mp-13311,0.20193302631378174,0.22303064167499542
mp-753315,0.2364150732755661,0.27322542667388916
mp-758091,0.6181908845901489,0.25570809841156006
mp-753474,1.0241678953170776,0.31356239318847656
mp-1822,0.24972441792488098,0.33601102232933044
mp-9579,0.27189400792121887,0.20510737597942352
mp-21851,0.2960256338119507,0.2863520383834839
mp-10759,0.1946565955877304,0.22068282961845398
mp-14628,0.386386513710022,0.2867335081100464
mp-30563,0.2940520644187927,0.2762731611728668
mp-1340,0.21832239627838135,0.2088671624660492
mp-20983,0.22627201676368713,0.2678261697292328
mp-380,0.2946670353412628,0.30851176381111145
mp-568867,0.3327178359031677,0.22087639570236206
mp-568607,0.18970231711864471,0.2351195216178894
mp-977207,0.39306747913360596,0.22452391684055328
mp-5659,0.19903886318206787,0.34061044454574585
mp-541989,0.31121036410331726,0.23066651821136475
mp-9986,0.32691600918769836,0.3045336604118347
mp-2780,0.2560492157936096,0.23530831933021545
mp-1030,0.42743656039237976,0.39572674036026
mp-10312,0.3037194013595581,0.3413105905056
mp-8045,0.3066236078739166,0.3016529381275177
mp-755087,0.24949800968170166,0.24019724130630493
mp-27897,0.31397074460983276,0.2922290563583374
mp-9325,0.2493913471698761,0.25205859541893005
mp-6962,0.28007927536964417,0.31917521357536316
mp-21117,0.2370375245809555,0.2595071494579315
mp-570930,0.21801671385765076,0.20046481490135193
mp-3751,0.26520833373069763,0.23329848051071167
mp-754360,0.2032642811536789,0.27042752504348755
mp-30768,0.1974581927061081,0.2169577181339264
mp-15780,0.33177468180656433,0.3717118501663208
mp-971673,0.2835566997528076,0.2020065188407898
mp-6613,0.2554275691509247,0.29365989565849304
mp-864903,0.30843067169189453,0.30689573287963867
mp-569833,0.3068534731864929,0.29902592301368713
mp-755115,0.2671416103839874,0.2977176606655121
mp-771123,0.3150404095649719,0.28762900829315186
mp-30595,0.3356402516365051,0.26906538009643555
mp-862868,0.37240922451019287,0.23605355620384216
mp-10259,0.3541519343852997,0.2706949710845947
mp-14115,0.3235609829425812,0.27532970905303955
mp-867850,0.3200133144855499,0.30104681849479675
mp-570578,0.22690777480602264,0.21424877643585205
mp-522,0.4020492732524872,0.33036139607429504
mp-862378,0.3215668499469757,0.3198580741882324
mp-23736,0.17966391146183014,0.23284904658794403
mp-863727,0.3227120637893677,0.3149609863758087
mp-641539,0.26223382353782654,0.222709059715271
mp-6986,0.23404304683208466,0.36249348521232605
mp-674490,0.27751436829566956,0.2871354818344116
mp-19252,0.28079986572265625,0.28909334540367126
mp-1649,0.3970092833042145,0.31611108779907227
mp-568806,0.19329829514026642,0.21279548108577728
mp-13868,0.2897433042526245,0.28121066093444824
mp-150,0.47328126430511475,0.2775960862636566
mp-570081,0.24119916558265686,0.2573726773262024
mp-4608,0.3230304419994354,0.24880912899971008
mp-4720,0.3368087410926819,0.2797602117061615
mp-22996,0.37786582112312317,0.21375292539596558
mp-10055,0.2532469630241394,0.2733290493488312
mp-23157,0.40582263469696045,0.18617257475852966
mp-1067,0.18202607333660126,0.21577918529510498
mp-640708,0.269689679145813,0.2596730589866638
mp-30151,0.23009181022644043,0.238884836435318
mp-862369,0.3073097765445709,0.30569782853126526
mp-758879,0.23323564231395721,0.2957295775413513
mp-22889,0.20806308090686798,0.29177114367485046
mp-862373,0.444725900888443,0.22189804911613464
mp-662,0.40303102135658264,0.2596784234046936
mp-755596,0.35128337144851685,0.29807084798812866
mp-1773,0.1843375861644745,0.2681519389152527
mp-10069,0.23065972328186035,0.24031297862529755
mp-996975,0.426750510931015,0.28678300976753235
mp-29900,0.31788501143455505,0.25833114981651306
mp-752826,0.30489790439605713,0.2710803151130676
mp-861943,0.3659512400627136,0.37150442600250244
mp-417,0.3063114583492279,0.31699463725090027
mp-865212,0.2602112889289856,0.2810433804988861
mp-31086,0.2695580720901489,0.22897768020629883
mp-9025,0.2957346439361572,0.27794504165649414
mp-505071,0.39373934268951416,0.38641583919525146
mp-555718,0.3430633842945099,0.25175222754478455
mp-1944,0.19390493631362915,0.2565545439720154
mp-1373,0.3826662302017212,0.27553829550743103
mp-861733,0.4096532464027405,0.3118361532688141
mp-8310,0.34338217973709106,0.26286736130714417
mp-604910,0.2734178602695465,0.26416435837745667
mp-7002,0.21066035330295563,0.3219508230686188
mp-3582,0.2305164784193039,0.2217828333377838
mp-126,0.406017929315567,0.41003602743148804
mp-19724,0.3446443974971771,0.25839176774024963
mp-30019,0.2738310694694519,0.22633886337280273
mp-12065,0.37038666009902954,0.3411850035190582
mp-11738,0.2987326383590698,0.22632674872875214
mp-18748,0.429617702960968,0.3311620056629181
mp-28480,0.2390863299369812,0.2484949380159378
mp-1321,0.30433961749076843,0.26946768164634705
mp-9158,0.28728294372558594,0.27933603525161743
mp-561419,0.1839573234319687,0.24321246147155762
mp-571147,0.3084302246570587,0.3152179718017578
mp-1029878,0.359920471906662,0.25599464774131775
mp-291,0.27100512385368347,0.3523137867450714
mp-2932,0.2393970638513565,0.25571131706237793
mp-773525,0.3306443393230438,0.28249692916870117
mp-11227,0.24347223341464996,0.23030617833137512
mp-5515,0.16525956988334656,0.23489271104335785
mp-27194,0.5062391757965088,0.21811611950397491
mp-7707,0.29368624091148376,0.26486873626708984
mp-18707,0.32501763105392456,0.2800424098968506
mp-1670,0.31338441371917725,0.37021902203559875
mp-38970,0.22462034225463867,0.18604055047035217
mp-755309,0.22561948001384735,0.21642032265663147
mp-570769,0.3149532079696655,0.2661726474761963
mp-862750,0.2958633601665497,0.23796090483665466
mp-865986,0.2042912244796753,0.23451171815395355
mp-556605,0.2911306619644165,0.2730613052845001
mp-995197,0.28858229517936707,0.22534319758415222
mp-16358,0.3755502998828888,0.30748265981674194
mp-753367,-0.00477219233289361,0.29291024804115295
mp-5589,0.25273388624191284,0.2675889730453491
mp-30819,0.31416791677474976,0.26264488697052
mp-10256,0.23731008172035217,0.2572956085205078
mp-1601,0.36804038286209106,0.3330930173397064
mp-1029537,0.27289074659347534,0.2497393935918808
mp-850201,0.29358214139938354,0.28506800532341003
mp-16337,0.23794598877429962,0.19668373465538025
mp-1132,0.34032514691352844,0.28218960762023926
mp-1008753,0.5378979444503784,0.33583128452301025
mp-2121,0.17291536927223206,0.21983687579631805
mp-3271,0.2301214337348938,0.33903807401657104
mp-1029659,0.24579598009586334,0.2930910289287567
mp-3388,0.2693226933479309,0.23996558785438538
mp-22287,0.3167858123779297,0.2914745509624481
mp-4549,0.34925028681755066,0.22603970766067505
mp-775808,0.31300702691078186,0.264773428440094
mp-2180,0.2579704523086548,0.3198312819004059
mp-12908,0.3588181436061859,0.23971615731716156
mp-7467,0.30937379598617554,0.29115912318229675
mp-12107,0.2938884198665619,0.384563684463501
mp-12953,0.33798202872276306,0.21764160692691803
mp-674158,0.6046997904777527,0.22493574023246765
mp-1278,0.21955561637878418,0.3177458643913269
mp-981,0.287922203540802,0.24311251938343048
mp-550206,0.15351150929927826,0.3224698603153229
mp-755352,0.23541182279586792,0.2811548113822937
mp-27693,0.18575401604175568,0.22802746295928955
mp-7910,0.2475367784500122,0.200840026140213
mp-31301,0.36036399006843567,0.2691923975944519
mp-922,0.3180219531059265,0.39668136835098267
mp-973415,-0.9712896943092346,0.25774040818214417
mp-756018,0.2832576334476471,0.2743716835975647
mp-600124,0.31592056155204773,0.29110366106033325
mp-1029921,0.2795463800430298,0.2501150667667389
mp-592,0.28428685665130615,0.3484676480293274
mp-755483,0.27951672673225403,0.27134832739830017
mp-775001,-0.06158139184117317,0.3106546998023987
mp-27834,0.2877689599990845,0.23826050758361816
mp-4488,0.2710089087486267,0.25997233390808105
mp-22490,0.25389164686203003,0.27339521050453186
mp-864947,0.9189950823783875,0.2803352475166321
mp-555763,0.2959454357624054,0.3080592155456543
mp-8537,0.23418766260147095,0.2846817374229431
mp-27932,0.1808386892080307,0.2230217158794403
mp-10908,0.3669295012950897,0.27473005652427673
mp-22283,0.2942981421947479,0.2867894172668457
mp-569794,0.3619852662086487,0.36081773042678833
mp-2743,0.33334627747535706,0.3278985023498535
mp-1009048,-0.17382308840751648,0.26915115118026733
mp-631302,-0.0012649663258343935,0.2908446192741394
mp-753984,0.31748560070991516,0.3076126277446747
mp-23528,0.2810857594013214,0.25435560941696167
mp-3886,0.2080550640821457,0.26077648997306824
mp-2500,0.25249597430229187,0.24674248695373535
mp-11977,0.38171181082725525,0.25631409883499146
mp-3006,0.1977636069059372,0.2568000555038452
mp-997041,0.31338974833488464,0.2844453752040863
mp-4962,0.22843071818351746,0.24232999980449677
mp-25373,0.35277172923088074,0.2811112105846405
mp-505206,0.22148104012012482,0.2413351684808731
mp-16366,0.4572407603263855,0.25342726707458496
mp-12559,0.4541071951389313,0.35770565271377563
mp-13010,0.24492515623569489,0.24056518077850342
mp-30427,0.25594043731689453,0.27354297041893005
mp-976806,0.42958858609199524,0.3661242425441742
mp-1018664,0.34242743253707886,0.2951475977897644
mp-753982,0.2878795564174652,0.2161746472120285
mp-20327,0.21817795932292938,0.28283098340034485
mp-12766,0.5299515724182129,0.2162843942642212
mp-20566,0.40736910700798035,0.2003771960735321
mp-862,0.23944775760173798,0.2284322828054428
mp-1404,0.4113982021808624,0.34792330861091614
mp-676861,0.24883712828159332,0.27002885937690735
mp-12177,0.17224085330963135,0.25917503237724304
mp-22447,0.2806168794631958,0.31139296293258667
mp-753373,0.2491583377122879,0.25715017318725586
mp-862337,0.3080334961414337,0.2646902799606323
mp-1194,0.3427547812461853,0.37181708216667175
mp-11499,0.274231493473053,0.26289913058280945
mp-778044,0.3547297418117523,0.25867053866386414
mp-676586,0.3211109936237335,0.24618515372276306
mp-636320,0.27564018964767456,0.2875620722770691
mp-10322,0.315436452627182,0.3086702525615692
mp-862561,0.26000332832336426,0.28039711713790894
mp-864898,0.20818175375461578,0.21695193648338318
mp-862300,0.3326064944267273,0.2705824375152588
mp-23208,0.2588256001472473,0.22989661991596222
mp-30835,0.3431224524974823,0.3812759220600128
mp-574,0.34054648876190186,0.34089040756225586
mp-19148,0.32504719495773315,0.2877745032310486
mp-15776,0.23455721139907837,0.22727325558662415
mp-33551,0.32107090950012207,0.2921532392501831
mp-22735,0.26167672872543335,0.3311302065849304
mp-22434,0.25447264313697815,0.30639833211898804
mp-9687,0.31581398844718933,0.2840689718723297
mp-2968,0.28122127056121826,0.2640868127346039
mp-8982,0.2626853883266449,0.2892913818359375
mp-863028,0.2632162272930145,0.23141741752624512
mp-437,0.33296456933021545,0.3062435984611511
mp-570430,0.31421688199043274,0.3205051124095917
mp-1029294,0.25668373703956604,0.22660155594348907
mp-22913,0.3645573556423187,0.27356499433517456
mp-3515,0.20817610621452332,0.27573490142822266
mp-17045,0.34534531831741333,0.3567211925983429
mp-29496,0.10369119793176651,0.2625127136707306
mp-754809,0.3543473184108734,0.2903306782245636
mp-7581,0.21378782391548157,0.23236656188964844
mp-17875,0.3152051568031311,0.30530253052711487
mp-7472,0.3090555667877197,0.2996463477611542
mp-1019509,0.1611558496952057,0.26830270886421204
mp-571143,0.28030598163604736,0.2736544609069824
mp-569849,0.2107824683189392,0.21848542988300323
mp-756478,-0.07596178352832794,0.28118008375167847
mp-976838,0.377966970205307,0.3397483825683594
mp-70,0.3592229187488556,0.2560082972049713
mp-20689,0.2157527059316635,0.25863003730773926
mp-29658,0.3103049099445343,0.25431984663009644
mp-27505,0.2708471417427063,0.26069608330726624
mp-754743,0.39828598499298096,0.26257315278053284
mp-1412716,0.34328266978263855,0.2865126430988312
mp-567769,0.33156636357307434,0.29215189814567566
mp-3998,0.2747318148612976,0.2896113097667694
mp-12557,0.20741935074329376,0.2504429817199707
mp-5733,0.28288739919662476,0.2883661389350891
mp-20572,0.3256019651889801,0.2548658847808838
mp-862556,0.4476347863674164,0.3210883140563965
mp-1734,0.2390976995229721,0.3653714656829834
mp-20674,0.28545600175857544,0.2893519401550293
mp-7080,0.2530057430267334,0.2511211633682251
mp-7192,0.26572009921073914,0.2735801935195923
mp-8308,0.2787027359008789,0.30072683095932007
mp-255,0.3352547585964203,0.27457112073898315
mp-867881,0.31305813789367676,0.26627740263938904
mp-15805,0.2577351927757263,0.32977285981178284
mp-32539,0.34625768661499023,0.2755335867404938
mp-288,0.3792843520641327,0.31730103492736816
mp-949,0.2856309115886688,0.3812316358089447
mp-567337,-0.0011126778554171324,0.22307232022285461
mp-11278,0.24151970446109772,0.32886937260627747
mp-1018659,0.24560965597629547,0.30729153752326965
mp-29356,0.2721256911754608,0.31805750727653503
mp-972748,0.640985369682312,0.22068434953689575
mp-865091,0.3291826546192169,0.3285127580165863
mp-27393,0.23214519023895264,0.36393868923187256
mp-754490,0.37924715876579285,0.3099408447742462
mp-4627,0.199555441737175,0.2408422827720642
mp-540,0.2826046049594879,0.2755022346973419
mp-556026,0.1617608517408371,0.2766888737678528
mp-755066,0.3013896048069,0.27062925696372986
mp-18965,0.3492332696914673,0.31022578477859497
mp-756683,0.2990277409553528,0.28475233912467957
mp-514,0.28073641657829285,0.34384018182754517
mp-510557,0.2973453998565674,0.25089868903160095
mp-753200,0.2834763824939728,0.29145491123199463
mp-755146,0.7928031086921692,0.2497503161430359
mp-28013,0.2739495038986206,0.25986146926879883
mp-979,0.24452851712703705,0.2565005421638489
mp-256,0.2665778696537018,0.2582319378852844
mp-429,0.31271931529045105,0.36288541555404663
mp-1907,0.21417970955371857,0.2959217429161072
mp-8188,0.23758845031261444,0.2803588807582855
mp-989695,0.34665054082870483,0.28990188241004944
mp-18288,0.38633155822753906,0.2890944480895996
mp-999068,0.3597528338432312,0.3260422646999359
mp-866376,0.3039035201072693,0.30643290281295776
mp-865936,0.32258719205856323,0.2892143726348877
mp-36086,0.17228615283966064,0.263803094625473
mp-13452,0.324301153421402,0.37664151191711426
mp-7917,0.229391947388649,0.32022058963775635
mp-864840,0.3426492214202881,0.32496342062950134
mp-38194,0.3017244338989258,0.26444169878959656
mp-570379,0.29328426718711853,0.2446729838848114
mp-7592,0.49804332852363586,0.2716977298259735
mp-35082,0.24432659149169922,0.24078263342380524
mp-3839,0.2813243865966797,0.20616668462753296
mp-13993,0.2334579974412918,0.30153313279151917
mp-20683,0.40819084644317627,0.24635523557662964
mp-765508,0.29991215467453003,0.3046238124370575
mp-569886,0.29596686363220215,0.21307805180549622
mp-978518,0.46577244997024536,0.2941625118255615
mp-3522,0.26992201805114746,0.2434156835079193
mp-510536,0.3213421404361725,0.29270797967910767
mp-973736,0.3764003813266754,0.23529011011123657
mp-4064,0.2334033101797104,0.2783688008785248
mp-14024,0.31629055738449097,0.31339311599731445
mp-20128,0.23356422781944275,0.27270033955574036
mp-1008920,0.4314377009868622,0.276848703622818
mp-9985,0.25486767292022705,0.27853477001190186
mp-13590,0.38881444931030273,0.23007339239120483
mp-9383,0.2035113126039505,0.3186599612236023
mp-568075,0.5596563220024109,0.26868489384651184
mp-30139,-0.1609824150800705,0.25816449522972107
mp-546011,0.30429115891456604,0.2874467968940735
mp-759877,0.3725230395793915,0.23861396312713623
mp-571247,0.21025614440441132,0.2381645143032074
mp-7435,0.23870685696601868,0.24427421391010284
mp-669917,0.36115697026252747,0.3153388798236847
mp-10598,0.30584895610809326,0.2366587221622467
mp-2733,0.2043408453464508,0.23911824822425842
mp-8414,0.3308265209197998,0.25269269943237305
mp-561830,0.3062553405761719,0.24909436702728271
mp-567181,0.3517792522907257,0.3144454061985016
mp-29091,0.29015591740608215,0.2517000138759613
mp-22514,0.2934461534023285,0.27303487062454224
mp-20708,0.30178120732307434,0.2383882999420166
mp-3896,0.3440641164779663,0.27306920289993286
mp-573119,0.3531571626663208,0.2822583019733429
mp-31168,0.310498982667923,0.23691418766975403
mp-867273,0.3267168700695038,0.29290473461151123
mp-19,0.22327496111392975,0.17085663974285126
mp-15922,0.3046204745769501,0.2983928322792053
mp-15987,0.2707046568393707,0.32300013303756714
mp-865044,0.2956312596797943,0.28041762113571167
mp-8415,0.3006097674369812,0.26111990213394165
mp-19318,0.4698900878429413,0.2970380187034607
mp-25262,0.2222488671541214,0.325430691242218
mp-818,0.29032135009765625,0.24971115589141846
mp-3107,0.3232300579547882,0.2599334716796875
mp-1417806,0.4634019434452057,0.2408825308084488
mp-18922,0.3290853798389435,0.30794379115104675
mp-8126,0.23174156248569489,0.2449144721031189
mp-684692,0.2668573260307312,0.2504127025604248
mp-867306,0.3996044397354126,0.31095919013023376
mp-11808,0.33791884779930115,0.28701239824295044
mp-864715,0.29418349266052246,0.29875680804252625
mp-2231,0.21484071016311646,0.2064545601606369
mp-1775,0.37540528178215027,0.28915783762931824
mp-688785,0.3169453740119934,0.27714067697525024
mp-752401,0.39403772354125977,0.2701588571071625
mp-18759,0.3342294991016388,0.30852437019348145
mp-866087,0.3081773817539215,0.25759509205818176
mp-560023,0.15609635412693024,0.25111621618270874
mp-603640,0.29635682702064514,0.21548467874526978
mp-23013,0.2436235100030899,0.26655998826026917
mp-2367,0.33469414710998535,0.22205787897109985
mp-22896,0.2842792570590973,0.2359493523836136
mp-303,0.2618158757686615,0.36369824409484863
mp-3762,0.23318225145339966,0.25005728006362915
mp-12684,0.2354220598936081,0.22647732496261597
mp-11029,0.25108790397644043,0.23361387848854065
mp-7709,0.353078693151474,0.2951353192329407
mp-631484,0.5934441685676575,0.3278906047344208
mp-865604,0.3063894510269165,0.22247374057769775
mp-18316,0.3238508701324463,0.30100294947624207
mp-553303,0.30967840552330017,0.28277429938316345
mp-1029330,0.2809624969959259,0.3255325257778168
mp-2930,0.33523446321487427,0.3247271478176117
mp-998234,0.3305310606956482,0.23888538777828217
mp-13097,0.2674335837364197,0.29972970485687256
mp-542854,0.23255722224712372,0.22987958788871765
mp-972088,0.3226509690284729,0.32813337445259094
mp-3602,0.2365196794271469,0.2323315441608429
mp-754629,0.3836524486541748,0.2596169412136078
mp-987,0.37223249673843384,0.3433203101158142
mp-9177,0.19961273670196533,0.21895058453083038
mp-22787,0.28452882170677185,0.2559944987297058
mp-5784,0.27818840742111206,0.2640743553638458
mp-9880,0.18750737607479095,0.23293547332286835
mp-23526,0.3059646189212799,0.28640884160995483
mp-1045744,0.6814470887184143,0.30126428604125977
mp-555934,0.33454611897468567,0.2755465507507324
mp-19413,0.2563873529434204,0.2777353823184967
mp-556911,0.34599995613098145,0.2597467601299286
mp-13679,0.2547762393951416,0.28188586235046387
mp-21216,0.3028373718261719,0.28155702352523804
mp-1014013,0.22359482944011688,0.23095522820949554
mp-770635,0.22546960413455963,0.2843898832798004
mp-568718,0.19919803738594055,0.24413451552391052
mp-27253,0.2970586121082306,0.30987638235092163
mp-754752,0.35057175159454346,0.2700735628604889
mp-28376,0.3104325532913208,0.266499787569046
mp-2221,0.3247845470905304,0.3240601420402527
mp-27636,0.2728283405303955,0.23368076980113983
mp-3909,0.29089632630348206,0.2837900221347809
mp-865925,0.35845932364463806,0.30933019518852234
mp-23061,0.22089999914169312,0.29273882508277893
mp-867917,0.34829381108283997,0.2726188600063324
mp-30671,0.27874934673309326,0.3390434980392456
mp-8161,0.3191867470741272,0.27864909172058105
mp-864745,0.3183918297290802,0.24144351482391357
mp-1716,0.30571067333221436,0.29732757806777954
mp-546079,0.36619138717651367,0.26457858085632324
mp-759163,0.04576900601387024,0.28757256269454956
mp-4384,0.2155027985572815,0.2292269766330719
mp-865716,0.32289254665374756,0.24498167634010315
mp-8547,0.2616921663284302,0.27994272112846375
mp-153,0.2918119430541992,0.23814159631729126
mp-196,0.22703929245471954,0.25851449370384216
mp-865376,0.29636871814727783,0.2561606764793396
mp-504543,0.31367039680480957,0.2517825663089752
mp-1687,0.34049487113952637,0.3644168972969055
mp-1043,0.5316299796104431,0.32000401616096497
mp-865527,0.2660425901412964,0.22051528096199036
mp-554278,0.3486552834510803,0.32206106185913086
mp-21521,0.3479163348674774,0.2703060805797577
mp-30227,0.3061172664165497,0.24575313925743103
mp-11698,9.37228012084961,0.2523495852947235
mp-1025497,0.1946079134941101,0.28089335560798645
mp-10601,0.18093018233776093,0.25592538714408875
mp-4822,0.32410696148872375,0.2982621490955353
mp-191,0.3278244435787201,0.298127144575119
mp-1022,0.2861846089363098,0.23474720120429993
mp-16293,0.23255480825901031,0.2797016501426697
mp-30444,0.09083975851535797,0.26212188601493835
mp-20716,0.4539409875869751,0.2631182074546814
mp-18468,0.2779844403266907,0.2817144989967346
mp-21313,0.2664047181606293,0.2685612142086029
mp-1029799,0.3035017251968384,0.2611638307571411
mp-941221,0.27945348620414734,0.23278842866420746
mp-864650,0.29050207138061523,0.32660001516342163
mp-20892,0.2544604539871216,0.2694941759109497
mp-22396,0.27822959423065186,0.2818301022052765
mp-10886,0.3075978755950928,0.24135836958885193
mp-11454,0.3222893178462982,0.3743143081665039
mp-12761,0.39673060178756714,0.340822696685791
