mp-755764,4.269407749176025,4.305711269378662
mp-865985,4.9181952476501465,4.878909587860107
mp-27989,0.5845009088516235,1.2155377864837646
mp-1096,4.465818881988525,4.415152072906494
mp-867744,5.26232385635376,5.293436050415039
mp-1982,4.885463714599609,4.854337215423584
mp-10967,4.039846897125244,4.070489883422852
mp-132,2.86096453666687,2.5311026573181152
mp-496,4.065826892852783,3.890986680984497
mp-776094,3.8835809230804443,4.26605224609375
mp-517,5.217244625091553,5.069130897521973
mp-19795,2.5378100872039795,3.126047134399414
mp-8637,5.493402481079102,5.663414478302002
mp-18750,5.06248664855957,4.740278244018555
mp-19817,4.33817720413208,4.379196643829346
mp-1935,3.07196044921875,3.175492525100708
mp-22212,4.8570990562438965,4.572371959686279
mp-23189,-0.25880664587020874,0.11820220947265625
mp-759764,2.403787612915039,2.0252084732055664
mp-22747,2.866455316543579,2.904482841491699
mp-867915,5.002245903015137,4.801532745361328
mp-866056,4.32155179977417,3.511110782623291
mp-11808,5.026469707489014,4.9817070960998535
mp-865603,4.7817792892456055,4.760871887207031
mp-1364,4.359417915344238,4.308075428009033
mp-10969,4.381692409515381,3.333965301513672
mp-30404,3.9795384407043457,4.034544467926025
mp-752504,5.296811103820801,4.915671348571777
mp-757975,4.552865982055664,4.298675060272217
mp-9570,4.030333995819092,4.093287467956543
mp-788,4.7036967277526855,4.913391590118408
mp-27927,5.149261474609375,4.914190769195557
mp-866114,5.4966607093811035,5.545968532562256
mp-4533,4.1265740394592285,3.9200713634490967
mp-2291,5.012350559234619,5.075743675231934
mp-18712,4.084405899047852,4.0654802322387695
mp-971682,4.9450602531433105,4.703940391540527
mp-9248,4.365638732910156,3.986499547958374
mp-8097,3.9782543182373047,3.966501235961914
mp-865353,-0.7126684188842773,-0.2854452133178711
mp-30842,5.128442287445068,5.106194972991943
mp-14088,2.803849458694458,3.0834922790527344
mp-10076,5.071993350982666,4.999959468841553
mp-725,5.436653137207031,5.197175025939941
mp-5778,5.382564544677734,5.169427871704102
mp-7506,5.408872604370117,5.267088413238525
mp-755298,4.287596225738525,4.15131950378418
mp-19260,4.225581169128418,4.477344036102295
mp-570491,5.400293827056885,5.261068820953369
mp-12103,-0.44853368401527405,0.24906086921691895
mp-570769,4.465182304382324,4.3880510330200195
mp-27381,2.26480770111084,1.8232402801513672
mp-20937,5.7661261558532715,5.758436679840088
mp-865893,4.748498439788818,4.659557342529297
mp-865232,4.816702365875244,4.662749290466309
mp-368,0.9820513129234314,1.7322382926940918
mp-19331,5.163416862487793,4.4732584953308105
mp-1001825,2.9084200859069824,3.9933390617370605
mp-975272,2.103841781616211,2.4316139221191406
mp-22309,4.597108364105225,4.808809280395508
mp-864946,5.013830184936523,4.986352920532227
mp-79,4.073426246643066,4.2950215339660645
mp-1186,1.4461147785186768,2.460090160369873
mp-867148,5.0221266746521,4.985076904296875
mp-23709,2.488345146179199,2.7838540077209473
mp-1025503,5.492066383361816,5.458728790283203
mp-571458,2.8933653831481934,1.9845194816589355
mp-17848,5.2148237228393555,5.165648460388184
mp-11281,5.075441837310791,5.139445781707764
mp-567681,2.5427746772766113,2.332285165786743
mp-862363,4.8373003005981445,4.8050103187561035
mp-989635,4.620527267456055,4.785446643829346
mp-6764,4.515438079833984,4.743355751037598
mp-569152,1.0230211019515991,2.1125428676605225
mp-28364,3.575984477996826,3.333277463912964
mp-3862,4.0387067794799805,4.025643825531006
mp-865014,4.021462440490723,3.987457275390625
mp-31186,4.998681545257568,5.016045093536377
mp-1849,5.268274307250977,5.474672794342041
mp-1664,5.282948970794678,5.187028884887695
mp-754752,5.211594581604004,4.711377143859863
mp-861656,5.2461066246032715,5.242251396179199
mp-866134,5.26518440246582,5.203207492828369
mp-643409,4.644122123718262,4.437807559967041
mp-30301,3.2494935989379883,3.5770962238311768
mp-752541,2.6098272800445557,2.7388572692871094
mp-1018679,4.079792499542236,3.93381929397583
mp-866088,5.136114597320557,5.109583377838135
mp-754400,4.688846111297607,4.547486305236816
mp-1594,5.169888496398926,5.07008171081543
mp-535,5.264030933380127,5.415907859802246
mp-19094,5.44775915145874,5.312101364135742
mp-2592,5.328399181365967,5.283121585845947
mp-571520,4.375833988189697,3.9561593532562256
mp-3470,4.503751277923584,4.55661153793335
mp-20724,3.5674753189086914,3.775740623474121
mp-753826,4.134356498718262,4.146218299865723
mp-694,1.5162562131881714,2.5908286571502686
mp-7903,3.033633232116699,2.953040599822998
mp-549720,1.3754960298538208,1.8665316104888916
mp-862373,4.151880264282227,2.980435848236084
mp-714969,4.48797607421875,4.284809112548828
mp-7080,4.034510612487793,4.183282375335693
mp-643945,5.223644733428955,4.839752674102783
mp-38605,2.6181628704071045,2.9434762001037598
mp-3642,4.88413143157959,4.935778617858887
mp-1342,4.22473669052124,3.718992233276367
mp-978534,4.307056903839111,4.28501558303833
mp-1330,5.5400214195251465,5.62567138671875
mp-571619,5.093626976013184,5.033518314361572
mp-558579,2.062861680984497,1.9977824687957764
mp-760343,2.764981985092163,2.4254908561706543
mp-11279,4.835460662841797,4.975313186645508
mp-866291,3.348485231399536,2.7505383491516113
mp-20856,5.018277645111084,5.00394344329834
mp-570460,4.866441249847412,4.834696292877197
mp-9383,5.052046298980713,4.856555938720703
mp-862376,4.720694541931152,4.740084171295166
mp-22608,5.064812183380127,5.105958938598633
mp-10259,5.178399562835693,5.140799045562744
mp-865866,4.940285682678223,4.896327495574951
mp-8677,2.2409157752990723,2.7313995361328125
mp-865966,5.47130823135376,5.362621307373047
mp-18337,5.364348888397217,5.150052547454834
mp-567313,2.9197139739990234,2.3199710845947266
mp-753192,3.9782004356384277,4.057007312774658
mp-561511,4.9569172859191895,4.847487926483154
mp-30363,3.7164809703826904,3.973719596862793
mp-1029293,4.646979331970215,3.987405776977539
mp-12725,5.2484540939331055,4.807708740234375
mp-6931,4.070620536804199,4.016245365142822
mp-862364,5.045238494873047,5.0479021072387695
mp-19141,3.5390875339508057,3.6547083854675293
mp-12086,5.070923328399658,5.040632247924805
mp-755253,5.0006279945373535,4.959409236907959
mp-15780,5.284161567687988,5.24149751663208
mp-4840,4.086745738983154,3.8143467903137207
mp-7916,4.903677940368652,4.512217044830322
mp-11441,4.758087158203125,4.591152191162109
mp-28044,2.3866066932678223,1.4365222454071045
mp-568436,4.105414867401123,4.15794563293457
mp-754001,4.949535846710205,4.727672100067139
mp-6179,3.5495645999908447,3.292881727218628
mp-559691,4.6150898933410645,4.593609809875488
mp-756589,4.523245811462402,3.2185921669006348
mp-30062,2.1039340496063232,2.3217504024505615
mp-2460,5.0127854347229,5.042444229125977
mp-758658,4.393651485443115,4.054134845733643
mp-866155,5.341348648071289,5.296192646026611
mp-31185,5.2782464027404785,5.173445701599121
mp-23702,3.2199203968048096,2.588641881942749
mp-755018,4.664407253265381,4.837367534637451
mp-12520,4.221378326416016,4.278111457824707
mp-21094,5.105317115783691,4.9797821044921875
mp-9922,1.790271520614624,1.3203918933868408
mp-25417,4.872024059295654,5.026200771331787
mp-988,5.456368446350098,5.321816444396973
mp-570930,2.1910037994384766,2.2415504455566406
mp-4813,5.196166038513184,5.129819393157959
mp-253,4.957047462463379,4.8534979820251465
mp-1029750,4.1160993576049805,4.245306968688965
mp-1008866,4.069720268249512,3.986961841583252
mp-865678,5.25531005859375,5.246789932250977
mp-578611,4.564577579498291,4.462583541870117
mp-1008274,5.604145050048828,5.455052852630615
mp-3587,4.988373756408691,4.883388042449951
mp-755782,4.4005866050720215,4.2215166091918945
mp-1029251,4.632593631744385,4.919735431671143
mp-604884,1.427140474319458,2.644279956817627
mp-1410296,3.747288227081299,3.6936488151550293
mp-865515,4.070937633514404,3.9844796657562256
mp-11169,4.5163445472717285,4.729854106903076
mp-27912,3.8018336296081543,4.183309078216553
mp-19991,3.8658576011657715,3.896970748901367
mp-16337,3.17832612991333,2.974989652633667
mp-19004,4.813366413116455,5.011608123779297
mp-2857,5.297727108001709,5.065850257873535
mp-769673,4.877415657043457,4.563933372497559
mp-10886,4.626327037811279,4.664088726043701
mp-8682,5.018483638763428,5.072190761566162
mp-23037,3.0583884716033936,2.3875632286071777
mp-19003,4.58999490737915,4.227921009063721
mp-1509,2.6009624004364014,2.8979110717773438
mp-1011377,4.0700883865356445,4.112095832824707
mp-1898,4.50880241394043,4.28955078125
mp-11700,3.7942538261413574,3.6364707946777344
mp-3597,4.7592453956604,4.961042404174805
mp-938,3.328847646713257,3.5249524116516113
mp-29898,2.8496956825256348,2.7491846084594727
mp-644424,4.369141578674316,4.500905990600586
mp-1417806,4.366715431213379,4.951311111450195
mp-1008500,4.197232723236084,4.030473232269287
mp-21359,5.109175682067871,5.239005088806152
mp-603930,4.626655101776123,4.516012668609619
mp-753595,5.028104782104492,5.080380916595459
mp-20699,5.030375957489014,5.122549533843994
mp-865499,5.626263618469238,5.523202896118164
mp-20361,4.0803728103637695,4.137575149536133
mp-28770,4.316136837005615,4.384911060333252
mp-2250,5.097198486328125,5.0570878982543945
mp-540685,4.305065631866455,4.661680221557617
mp-864657,-0.8299941420555115,-0.6698169708251953
mp-2367,4.484416484832764,4.390151023864746
mp-1393,3.9349303245544434,4.071045398712158
mp-553303,2.8023500442504883,3.4435291290283203
mp-27975,0.8102967143058777,1.3330416679382324
mp-30858,5.429649353027344,5.405556678771973
mp-5676,4.704843044281006,4.7950639724731445
mp-8578,4.579270362854004,4.424283027648926
mp-30441,4.940611362457275,4.922416687011719
mp-18137,4.763286113739014,3.8614256381988525
mp-2318,5.390332221984863,5.3884806632995605
mp-675271,2.0903379917144775,2.8501243591308594
mp-1008807,3.636460781097412,3.6193838119506836
mp-46,4.726994514465332,4.7398881912231445
mp-20533,3.9090993404388428,4.099877834320068
mp-19734,2.838388442993164,2.87404203414917
mp-12699,3.934859037399292,4.065472602844238
mp-22934,2.465491533279419,2.556858539581299
mp-569250,5.608580112457275,5.564229965209961
mp-3637,4.874451160430908,4.8286967277526855
mp-754698,5.098769187927246,4.833663463592529
mp-571102,2.4695873260498047,1.9322891235351562
mp-3779,1.1033825874328613,2.555849313735962
mp-1019509,2.811018228530884,3.7331063747406006
mp-570150,3.9242067337036133,3.8171136379241943
mp-863764,1.126733660697937,-0.3755016326904297
mp-10200,4.923270225524902,4.943131446838379
mp-1782,4.388434886932373,4.536887168884277
mp-755398,4.937212944030762,5.193142414093018
mp-2856,4.827853679656982,4.758978366851807
mp-31518,4.996974945068359,4.276035785675049
mp-32686,3.768388032913208,3.460886240005493
mp-862339,4.383143424987793,4.375356674194336
mp-30784,4.208797931671143,4.236647605895996
mp-859086,4.62251615524292,4.347388744354248
mp-10918,3.1387579441070557,3.0344066619873047
mp-2212,4.7957611083984375,4.685205459594727
mp-568137,3.0615224838256836,2.5226640701293945
mp-1597,5.2983503341674805,5.481005668640137
mp-1029347,3.8200011253356934,3.73284649848938
mp-13314,3.519789695739746,3.5060482025146484
mp-570229,2.9669618606567383,1.4511384963989258
mp-571222,1.8681243658065796,2.178421974182129
mp-1222,5.27468729019165,5.18038272857666
mp-1317,4.418050765991211,4.30849552154541
mp-16506,3.658356189727783,3.8060286045074463
mp-565,4.682985305786133,4.577335834503174
mp-15053,5.030069828033447,4.977517127990723
mp-554955,2.92464017868042,3.1830496788024902
mp-755715,5.11979341506958,4.449176788330078
mp-605028,3.449772357940674,3.9878666400909424
mp-542896,5.0910210609436035,4.876904487609863
mp-28630,3.835665225982666,3.6468892097473145
mp-865342,4.848491191864014,4.744786739349365
mp-1802,2.0061371326446533,2.1237218379974365
mp-7781,4.219948768615723,4.18315315246582
mp-675120,3.9523937702178955,3.892300605773926
mp-13947,3.0814273357391357,3.350407361984253
mp-603,4.860972881317139,4.911179542541504
mp-23291,2.8231825828552246,2.6811742782592773
mp-864937,3.7660958766937256,3.6525754928588867
mp-10311,4.980968475341797,4.997218132019043
mp-1029566,4.651736259460449,4.172316074371338
mp-573697,2.466437816619873,2.2276082038879395
mp-755974,4.176506996154785,3.830568790435791
mp-741,5.396113872528076,5.688120365142822
mp-865493,0.9259118437767029,0.8317108154296875
mp-864951,5.552893161773682,5.461636543273926
mp-1411095,4.388287544250488,4.601778984069824
mp-556093,3.4796388149261475,2.763089895248413
mp-27562,4.421977996826172,4.521438121795654
mp-542136,3.638451337814331,3.6022486686706543
mp-2452,3.272167682647705,2.9617862701416016
mp-31383,4.718978404998779,4.616273403167725
mp-29154,5.108556747436523,5.104548454284668
mp-11029,4.613058567047119,4.530982971191406
mp-569267,3.2231733798980713,3.5721235275268555
mp-1029834,5.0409440994262695,5.04400110244751
mp-977013,2.3622353076934814,1.4151575565338135
mp-31438,4.381496429443359,4.3378167152404785
mp-20452,3.465867280960083,3.3672971725463867
mp-22346,4.318657398223877,4.260776519775391
mp-45,2.83351731300354,2.539046287536621
mp-21075,5.464554309844971,5.424463272094727
mp-30883,4.82576322555542,4.7573018074035645
mp-2677,5.047765731811523,4.9953765869140625
mp-1389664,3.426788806915283,3.4602959156036377
mp-12137,4.244206428527832,4.0700602531433105
mp-644229,3.6256580352783203,3.8593857288360596
mp-2242,2.847128391265869,2.923520565032959
mp-21035,4.574298858642578,4.364073276519775
mp-867262,5.365420818328857,5.331737518310547
mp-753848,4.124898910522461,4.416264057159424
mp-23067,2.479008436203003,2.8237128257751465
mp-16343,3.760387659072876,3.977877140045166
mp-450,5.656482696533203,5.643716812133789
mp-25275,4.467678546905518,2.640340566635132
mp-3871,4.907883167266846,5.102012634277344
mp-27754,0.1263493299484253,0.693035364151001
mp-2693,3.915627956390381,3.621964931488037
mp-864630,3.721740961074829,3.8593053817749023
mp-8335,4.6650495529174805,4.667710304260254
mp-12773,4.60585355758667,4.655195236206055
mp-5878,4.231036186218262,4.04746675491333
mp-865650,5.327331066131592,5.283573150634766
mp-777463,3.1837143898010254,3.514552116394043
mp-19906,4.8833088874816895,4.825952529907227
mp-3889,3.7146170139312744,3.7538247108459473
mp-549706,4.6909637451171875,4.290297031402588
mp-569103,3.693594455718994,3.861053228378296
mp-20971,5.302141189575195,5.265804290771484
mp-1029257,4.8237833976745605,5.164461135864258
mp-540111,2.454871416091919,2.4755091667175293
mp-567769,4.673743724822998,4.397729396820068
mp-756638,5.3651347160339355,5.417230606079102
mp-1001023,3.814039707183838,4.721739292144775
mp-7790,5.174018383026123,5.218524932861328
mp-11454,4.909240245819092,4.880185604095459
mp-755328,4.440806865692139,4.580374240875244
mp-12108,5.50550651550293,5.425634860992432
mp-504708,2.676830768585205,2.804154872894287
mp-10669,3.4989945888519287,3.5950465202331543
mp-1203,5.267594814300537,5.250781059265137
mp-570568,0.7693316340446472,0.8132476806640625
mp-2977,2.2392795085906982,3.843193769454956
mp-33090,5.588516712188721,5.413204193115234
mp-862669,5.407868385314941,5.224395275115967
mp-11566,4.320024013519287,4.2140583992004395
mp-29826,4.0673441886901855,3.6222715377807617
mp-16321,4.181323528289795,4.288708686828613
mp-3677,5.1495256423950195,4.965583801269531
mp-1007824,1.4691534042358398,4.173811435699463
mp-18782,4.781407356262207,4.795467853546143
mp-16860,4.09795618057251,4.11404275894165
mp-504651,2.8402886390686035,3.430011749267578
mp-755483,5.352974891662598,5.086519241333008
mp-16524,4.871821880340576,4.785170555114746
mp-1070,3.7924132347106934,3.5215516090393066
mp-865582,3.9553534984588623,4.014092445373535
mp-1961,4.590586185455322,4.659572124481201
mp-754629,4.632522106170654,4.1464738845825195
mp-554689,4.106050968170166,3.4937853813171387
mp-22739,3.8163561820983887,4.277759075164795
mp-558046,4.0507636070251465,3.7333297729492188
mp-27891,3.6896657943725586,3.348642349243164
mp-867271,5.258454322814941,5.193658351898193
mp-569196,4.882320880889893,4.7811808586120605
mp-16043,5.146581649780273,5.088833332061768
mp-558852,4.64423131942749,3.803989887237549
mp-5373,5.228336811065674,5.168722629547119
mp-1371,4.150583267211914,4.273319721221924
mp-865465,5.300176620483398,5.13454008102417
mp-569960,0.7509722113609314,1.9293668270111084
mp-30347,4.420036792755127,4.459323883056641
mp-1078,3.695587396621704,3.4146509170532227
mp-3582,4.923028469085693,5.128417015075684
mp-142,3.9010801315307617,3.8520147800445557
mp-4156,4.457010269165039,4.761277198791504
mp-6669,4.308855056762695,4.214005470275879
mp-8280,3.8066184520721436,3.6545565128326416
mp-28020,2.369475841522217,1.6675028800964355
mp-30069,5.001858234405518,4.913887023925781
mp-49,5.9935302734375,6.141275405883789
mp-632657,0.5303915143013,2.551638603210449
mp-998860,4.2384562492370605,4.258612632751465
mp-30921,4.04005765914917,4.053977012634277
mp-684580,3.3159971237182617,3.046891212463379
mp-9571,4.047440052032471,4.034034252166748
mp-10899,5.177294731140137,5.120701313018799
mp-778,5.373421669006348,5.353399276733398
mp-20828,5.146772384643555,5.070197582244873
mp-9768,3.9917619228363037,3.9039270877838135
mp-22526,4.752739906311035,4.741015434265137
mp-1370756,4.336975574493408,4.836937427520752
mp-753890,5.280734062194824,4.05263090133667
mp-862486,4.830935478210449,4.775638580322266
mp-11328,5.230227947235107,5.067375659942627
mp-3650,3.6654915809631348,3.671107769012451
mp-568931,4.233935832977295,4.2657246589660645
mp-27677,3.8550076484680176,4.113810062408447
mp-16733,4.449843883514404,4.561972618103027
mp-31459,5.095346450805664,4.848838806152344
mp-193,4.6913628578186035,4.723857879638672
mp-752598,3.863128662109375,3.8898582458496094
mp-7876,3.7620692253112793,3.7693676948547363
mp-16916,4.333455562591553,4.2956132888793945
mp-570557,5.2893385887146,5.37587833404541
mp-996990,4.355377197265625,4.338290691375732
mp-16960,5.330016613006592,5.331380367279053
mp-676518,1.6470236778259277,3.289968967437744
mp-19050,4.883523464202881,4.974336624145508
mp-8871,3.8320727348327637,3.596945285797119
mp-14142,5.12203311920166,5.0692667961120605
mp-9550,4.7587432861328125,4.691822528839111
mp-945,5.360864639282227,5.406448841094971
mp-850,4.967130184173584,4.863507270812988
mp-13801,5.126509189605713,4.384316444396973
mp-1585,5.350106716156006,5.260532379150391
mp-12972,4.77629280090332,4.692478179931641
mp-2018,5.165485382080078,5.0409135818481445
mp-14983,4.785301208496094,4.489496231079102
mp-998552,5.069039821624756,4.995276927947998
mp-1919,5.1892571449279785,5.174487113952637
mp-643,5.2382612228393555,4.979036808013916
mp-30818,4.474368095397949,4.433223247528076
mp-865810,5.573753833770752,5.500818252563477
mp-757600,2.031757354736328,3.775996208190918
mp-16529,4.7086896896362305,4.65023136138916
mp-556125,3.7479262351989746,3.6628024578094482
mp-865640,5.422343730926514,5.304684162139893
mp-862548,4.3325276374816895,4.246049880981445
mp-865716,3.581695318222046,2.189973831176758
mp-7540,4.823546886444092,4.925094127655029
mp-867293,5.132727146148682,4.874040126800537
mp-36,3.9376115798950195,3.937325954437256
mp-1014168,2.7953662872314453,2.2284960746765137
mp-28283,2.70548677444458,2.7221312522888184
mp-12952,4.850952625274658,4.697162628173828
mp-865228,4.736169338226318,4.892547607421875
mp-126,5.49603271484375,5.402619361877441
mp-3955,3.37666916847229,3.2521867752075195
mp-29806,2.2812466621398926,1.8684918880462646
mp-30805,4.032420635223389,3.9449057579040527
mp-505297,5.124602794647217,5.061110019683838
mp-13444,3.583951950073242,3.7645013332366943
mp-3032,2.8307065963745117,2.8200716972351074
mp-867756,4.605182647705078,4.528106212615967
mp-8861,3.6818416118621826,3.7261314392089844
mp-1401,4.626280784606934,4.532255172729492
mp-866375,5.368720531463623,5.079326629638672
mp-996960,2.3873422145843506,1.4739129543304443
mp-334,4.610382556915283,3.936336040496826
mp-4079,4.622364044189453,4.602303981781006
mp-2210,4.763097763061523,4.818460464477539
mp-22315,4.934913158416748,4.923817157745361
mp-23736,3.6839256286621094,3.5110058784484863
mp-580234,5.297845363616943,5.344742774963379
mp-2675,4.843061923980713,4.856988430023193
mp-22320,5.3031487464904785,5.209653377532959
mp-20279,3.7746472358703613,3.855430841445923
mp-37307,5.364325046539307,5.127664089202881
mp-674490,5.135207653045654,4.942843437194824
mp-8311,4.652145862579346,4.131649494171143
mp-1029730,4.475235462188721,4.364020347595215
mp-571622,4.887535572052002,5.0000810623168945
mp-865731,3.944552421569824,4.053247928619385
mp-6766,4.578796863555908,4.624395370483398
mp-10598,4.337459087371826,4.475261688232422
mp-1475,4.945224285125732,4.985850811004639
mp-28448,0.9947469234466553,2.0591511726379395
mp-976982,3.04514741897583,3.319995403289795
mp-343,4.890338897705078,4.542929172515869
mp-862372,4.944506645202637,4.915554523468018
mp-2395,4.487668514251709,4.319266319274902
mp-972237,5.48227071762085,5.159462928771973
mp-76,2.4899215698242188,2.268974781036377
mp-570334,5.213376522064209,5.276300430297852
mp-28145,2.442277431488037,2.5558547973632812
mp-27393,2.6977956295013428,3.794952154159546
mp-7832,5.834670543670654,5.7087836265563965
mp-9916,5.357084274291992,5.2464094161987305
mp-867275,5.6346755027771,5.497091770172119
mp-11038,4.6495890617370605,4.655758380889893
mp-755190,5.339029788970947,5.574045658111572
mp-754516,4.178329944610596,4.4518022537231445
mp-10003,5.253423690795898,5.14799165725708
mp-28266,4.548170566558838,4.743344306945801
mp-754589,4.987224578857422,4.479851245880127
mp-13868,3.346099615097046,2.8920819759368896
mp-615314,5.2990803718566895,5.292020797729492
mp-11541,5.341518402099609,5.41021728515625
mp-866173,4.686215877532959,4.719579219818115
mp-568280,4.137784004211426,4.089240550994873
mp-2731,4.599571704864502,4.434353828430176
mp-973455,3.386997938156128,3.542314052581787
mp-4043,3.501579523086548,3.6971585750579834
mp-978552,5.469118118286133,5.413481712341309
mp-11313,4.345591068267822,4.362194538116455
mp-864745,3.7091434001922607,4.030358791351318
mp-761716,5.015743255615234,5.169553756713867
mp-865649,5.318558216094971,5.242491722106934
mp-758006,4.584133625030518,4.567086696624756
mp-1868,4.984805107116699,5.290814399719238
mp-18525,5.007223129272461,4.94096040725708
mp-10139,4.415111541748047,4.448440074920654
mp-15779,4.840898513793945,4.852523326873779
mp-30846,4.62214994430542,4.596632480621338
mp-11738,3.298264503479004,3.3207876682281494
mp-28980,2.514766216278076,2.9161956310272217
mp-932,4.285918712615967,4.338578701019287
mp-27793,4.8053364753723145,4.64083194732666
mp-752426,3.6557936668395996,3.608926773071289
mp-15964,4.736153602600098,4.726364612579346
mp-38856,5.002786159515381,4.918574810028076
mp-4259,4.569523811340332,4.4423041343688965
mp-22489,5.040457248687744,4.957663059234619
mp-7434,3.558187484741211,3.6216893196105957
mp-865030,5.181910991668701,5.175617218017578
mp-685991,3.5575063228607178,3.6458020210266113
mp-5869,4.690652847290039,4.619869232177734
mp-5566,4.198765277862549,3.825242519378662
mp-20892,5.308320045471191,5.213617324829102
mp-31116,5.034764766693115,5.1294426918029785
mp-864974,5.167745590209961,5.162544250488281
mp-865870,4.909224033355713,4.818343162536621
mp-19789,5.722334861755371,5.6088666915893555
mp-11834,4.519749641418457,4.466527462005615
mp-862589,5.7773051261901855,5.6558685302734375
mp-1170,0.5478280186653137,2.218836784362793
mp-30821,4.775546073913574,4.736870765686035
mp-1606,5.1646904945373535,4.945319652557373
mp-510536,5.379031658172607,4.817930221557617
mp-1367,3.9675631523132324,3.9194045066833496
mp-570259,1.1726632118225098,1.3759233951568604
mp-11202,4.070727825164795,4.15228271484375
mp-20708,4.282203197479248,4.387080669403076
mp-504591,4.199037551879883,3.865069627761841
mp-35276,3.8492653369903564,4.187682151794434
mp-127,2.0165302753448486,1.7864925861358643
mp-866213,5.514800548553467,5.45252799987793
mp-505212,1.933782696723938,1.7284870147705078
mp-866087,5.174711227416992,5.1630377769470215
mp-22344,4.695008277893066,4.474216461181641
mp-1008922,5.323423385620117,5.381595611572266
mp-12778,5.648215293884277,5.585724353790283
mp-865448,5.353507995605469,5.254510879516602
mp-9985,5.47689151763916,5.34153938293457
mp-20826,2.1404690742492676,3.9470412731170654
mp-4492,5.390406131744385,5.226693153381348
mp-13270,3.8402810096740723,3.9430556297302246
mp-614777,3.869075059890747,3.0551059246063232
mp-372,5.4863691329956055,5.416797637939453
mp-12631,5.171575546264648,5.109604358673096
mp-90,5.557896137237549,5.273401737213135
mp-18893,4.8038458824157715,4.568051338195801
mp-27757,4.925641059875488,4.975391387939453
mp-1016108,5.037720680236816,5.178630828857422
mp-560399,4.2544684410095215,4.154414653778076
mp-753568,3.157768964767456,3.1499509811401367
mp-1029784,3.2345783710479736,3.0242576599121094
mp-862336,4.91107177734375,4.87023401260376
mp-755176,2.2916266918182373,4.039351463317871
mp-11382,4.669328212738037,4.645000457763672
mp-22391,4.873080253601074,5.002282619476318
mp-756297,4.914015293121338,5.29366397857666
mp-834,5.184173107147217,4.663593292236328
mp-28825,3.2961559295654297,3.2748608589172363
mp-569526,2.7836265563964844,2.866884469985962
mp-1043236,4.459951877593994,4.381333351135254
mp-11364,4.854848861694336,4.815077304840088
mp-7251,4.897877216339111,4.799581527709961
mp-30177,4.783496379852295,4.726911544799805
mp-554201,4.521273136138916,3.6809635162353516
mp-2330,4.200651168823242,3.8841421604156494
mp-862655,5.7314910888671875,5.654212951660156
mp-12761,4.903695106506348,4.881164073944092
mp-10025,5.54148006439209,5.390382766723633
mp-10167,2.972536325454712,3.461793899536133
mp-5152,4.477268695831299,4.515878677368164
mp-972228,4.835017681121826,4.747132301330566
mp-21027,4.199716091156006,4.153894901275635
mp-910,5.704275608062744,5.570327281951904
mp-14793,4.558216571807861,4.560757160186768
mp-463,3.3627734184265137,2.887000560760498
mp-7575,4.751468181610107,4.7323384284973145
mp-84,3.8221397399902344,4.035213470458984
mp-27823,4.30344820022583,3.960615634918213
mp-8996,5.160623550415039,5.162115573883057
mp-19035,4.754650115966797,5.024845600128174
mp-556548,4.469205856323242,4.0194783210754395
mp-510347,3.422714948654175,3.0434563159942627
mp-3676,4.607904434204102,4.705635070800781
mp-30999,0.8455489873886108,2.4281177520751953
mp-759178,5.174160480499268,5.333688259124756
mp-10048,4.141993045806885,3.912100315093994
mp-560553,1.453341007232666,1.2028446197509766
mp-8389,3.44811749458313,3.677926540374756
mp-862712,4.960955619812012,4.870760917663574
mp-640885,3.9659767150878906,4.003540515899658
mp-30490,3.684999704360962,3.746121406555176
mp-674482,5.100107192993164,5.075920104980469
mp-2920,5.197693824768066,5.193970680236816
mp-862366,4.273945331573486,4.16158390045166
mp-865191,5.425987720489502,5.308791160583496
mp-18300,3.622964859008789,3.472568988800049
mp-1435359,5.117066383361816,5.061647891998291
mp-755882,5.19417667388916,5.196626663208008
mp-11272,5.106583595275879,4.947766304016113
mp-470,5.284428119659424,5.307740688323975
mp-865798,4.84292459487915,4.57639741897583
mp-12665,4.725414276123047,4.837480068206787
mp-1018732,4.084619522094727,3.8563218116760254
mp-11806,4.479686737060547,4.35171365737915
mp-755071,4.941982746124268,4.625927925109863
mp-38280,5.114682674407959,5.2638397216796875
mp-19052,3.5126049518585205,3.2355709075927734
mp-7288,4.938054084777832,4.9727091789245605
mp-867121,4.272401332855225,4.255825519561768
mp-7591,4.082678318023682,3.8540947437286377
mp-972748,4.9726881980896,4.8939995765686035
mp-32777,5.074782848358154,4.71742582321167
mp-937760,1.778495192527771,1.3173060417175293
mp-754727,4.173057556152344,4.244295120239258
mp-20146,4.886656761169434,4.822599411010742
mp-12029,4.041665554046631,4.02166223526001
mp-864798,5.360588550567627,5.315375328063965
mp-753049,5.026963710784912,5.067225456237793
mp-863026,-0.33697354793548584,2.036370277404785
mp-1654,4.79931640625,4.733060836791992
mp-7937,4.317964553833008,4.253410816192627
mp-2114,5.072331428527832,4.817893981933594
mp-18969,4.6589460372924805,4.55430793762207
mp-862370,4.8576836585998535,4.834234237670898
mp-22270,5.263879776000977,5.528745174407959
mp-865212,5.735670566558838,5.630302906036377
mp-754012,2.4321863651275635,3.1235227584838867
mp-230,4.518731117248535,4.165067195892334
mp-775808,4.744843482971191,4.205568313598633
mp-21336,5.575698375701904,5.385453224182129
mp-11230,3.9927985668182373,3.9928207397460938
mp-971,3.3001294136047363,3.1579160690307617
mp-22784,5.011693954467773,5.002917766571045
mp-22518,5.101356029510498,5.307621002197266
mp-27850,2.0004916191101074,2.3078484535217285
mp-10435,4.342827320098877,4.3228302001953125
mp-21175,5.233283042907715,5.062602996826172
mp-867748,5.141090393066406,5.093198776245117
mp-5126,4.179270267486572,4.334194183349609
mp-29556,2.684251308441162,2.4804813861846924
mp-13512,4.299891471862793,4.3369832038879395
mp-571193,4.90910005569458,4.985415458679199
mp-569535,3.433637857437134,3.306654214859009
mp-866001,5.459990978240967,5.399725437164307
mp-755436,3.8111040592193604,3.632446765899658
mp-866188,4.9290008544921875,4.8162760734558105
mp-861943,5.140348434448242,5.382296562194824
mp-19385,4.984691143035889,5.12782621383667
mp-752764,4.172074794769287,4.106619358062744
mp-21124,3.9655065536499023,3.9609384536743164
mp-8615,5.5006537437438965,5.437464714050293
mp-546790,4.172055244445801,4.1438140869140625
mp-11560,5.3057732582092285,5.1701979637146
mp-556742,1.752145767211914,2.225496530532837
mp-4163,4.844827175140381,4.9803924560546875
mp-168,4.422987937927246,3.8023524284362793
mp-20683,4.304948806762695,4.498924255371094
mp-2845,4.818597316741943,4.706054210662842
mp-690535,5.179738521575928,5.055551528930664
mp-9548,2.1183974742889404,3.4795987606048584
mp-21462,2.5548768043518066,1.870065689086914
mp-11334,5.700460910797119,5.408236026763916
mp-2605,4.654027462005615,4.565287113189697
mp-1371109,4.782494068145752,4.852267742156982
mp-20479,3.8546178340911865,3.9066312313079834
mp-567612,5.468523025512695,5.38717794418335
mp-353,4.221776962280273,4.379239559173584
mp-7707,5.135993480682373,5.048001766204834
mp-29646,4.742127418518066,4.470030784606934
mp-756482,4.4823994636535645,2.8620615005493164
mp-20716,3.519716739654541,2.7054052352905273
mp-755244,4.185516357421875,3.821049213409424
mp-218,4.867647171020508,4.649649620056152
mp-507,5.303703784942627,5.222348213195801
mp-10615,3.6312649250030518,3.512263536453247
mp-759163,3.2882468700408936,3.140749931335449
mp-23184,0.05689803510904312,0.05892467498779297
mp-4019,5.146860599517822,5.103010177612305
mp-22584,4.717951774597168,3.1459155082702637
mp-21926,4.240789890289307,4.225067615509033
mp-282,4.6933064460754395,4.932292938232422
mp-20744,4.937847137451172,4.912403106689453
mp-7595,2.268702268600464,3.027742862701416
mp-5305,4.206206798553467,4.032717704772949
mp-10463,5.092957019805908,5.092267990112305
mp-11504,4.4785051345825195,4.605205059051514
mp-15252,4.27387809753418,4.021760940551758
mp-21003,4.816837310791016,5.070424556732178
mp-626785,3.2028560638427734,3.3804352283477783
mp-697126,4.362329959869385,4.1918745040893555
mp-867786,5.421327590942383,5.341868877410889
mp-755547,3.799135446548462,3.105875015258789
mp-5486,4.526536464691162,4.264853477478027
mp-865914,5.451968669891357,5.42595100402832
mp-636320,5.245420455932617,5.027716636657715
mp-12537,4.931875705718994,4.946553707122803
mp-23004,2.5616159439086914,2.583285331726074
mp-23002,1.6547497510910034,2.492932081222534
mp-30491,3.801271677017212,3.9987528324127197
mp-570219,2.351949453353882,0.974306583404541
mp-10343,4.921898365020752,4.876679420471191
mp-30551,5.2528910636901855,5.00265645980835
mp-568809,3.348992109298706,3.420844078063965
mp-756087,4.878663539886475,4.427011966705322
mp-7822,4.4761128425598145,4.40693473815918
mp-973785,4.265624046325684,3.845637083053589
mp-9479,1.5309258699417114,2.178225040435791
mp-757614,4.78767204284668,4.785070896148682
mp-20599,4.18827486038208,4.022521018981934
mp-2930,5.257936477661133,5.124994277954102
mp-866083,5.27738618850708,5.1034836769104
mp-4081,3.4491894245147705,3.5061395168304443
mp-10630,4.064560413360596,3.902894973754883
mp-2773,5.273564338684082,5.17138671875
mp-20474,4.2462873458862305,4.0662431716918945
mp-5176,4.912961483001709,4.8072710037231445
mp-2931,4.681919097900391,4.925246238708496
mp-779545,3.679028034210205,3.637932777404785
mp-569603,4.150296211242676,4.099565505981445
mp-1017,4.89737606048584,4.9577250480651855
mp-416,5.641430377960205,5.5104522705078125
mp-15805,5.272607326507568,5.016083717346191
mp-9719,3.6932597160339355,3.5920186042785645
mp-19443,5.249480724334717,4.531546592712402
mp-28835,2.754464626312256,1.3520867824554443
mp-23477,4.624388217926025,4.499772071838379
mp-510670,4.906364440917969,4.243171691894531
mp-17287,2.048030376434326,3.1204538345336914
mp-1008785,5.6397247314453125,5.748793125152588
mp-601285,5.059285640716553,5.084611415863037
mp-11460,5.257198810577393,5.204718112945557
mp-21521,3.5366222858428955,3.344592571258545
mp-866214,-0.7558402419090271,0.8666603565216064
mp-32880,3.8771908283233643,3.4925241470336914
mp-546794,3.2407846450805664,2.946215867996216
mp-865935,3.4976425170898438,3.765551805496216
mp-568075,4.6202006340026855,4.766039848327637
mp-1646,3.252298355102539,3.291959285736084
mp-25587,3.509786367416382,4.279707431793213
mp-2652,4.925330638885498,4.99983024597168
mp-556562,2.7385544776916504,2.1722166538238525
mp-7700,5.020092964172363,5.098709583282471
mp-23044,4.839343547821045,4.087990760803223
mp-754624,5.228262901306152,5.416277885437012
mp-13089,3.8227548599243164,3.8442888259887695
mp-689140,4.201025009155273,3.671308994293213
mp-864930,5.261180400848389,5.264774322509766
mp-866108,4.634904861450195,4.533710479736328
mp-4368,4.4341630935668945,4.238819599151611
mp-568671,5.264614582061768,5.189111709594727
mp-505825,3.1348087787628174,2.9104819297790527
mp-16297,4.625716209411621,4.63683557510376
mp-1543,4.703680038452148,4.4547247886657715
mp-27734,0.6358340382575989,1.2054433822631836
mp-1391774,3.471620798110962,3.775909900665283
mp-5670,4.883706569671631,4.8076491355896
mp-14115,4.757636070251465,5.01412296295166
mp-401,4.021803855895996,3.609611988067627
mp-760411,4.5536065101623535,3.7153704166412354
mp-568696,5.363232612609863,5.3000993728637695
mp-13725,4.251688003540039,3.9544270038604736
mp-10312,5.039612293243408,5.0883941650390625
mp-20595,4.089144706726074,4.1272077560424805
mp-977011,2.2537407875061035,1.4600751399993896
mp-558149,1.6776031255722046,1.67869234085083
mp-864907,4.776503562927246,4.714059829711914
mp-18732,5.166788578033447,4.938636302947998
mp-17177,4.93626070022583,5.184670925140381
mp-23703,3.5852746963500977,3.3112101554870605
mp-753802,4.900142669677734,4.677752494812012
mp-22052,4.19314432144165,3.6185495853424072
mp-30034,2.1515753269195557,1.6390235424041748
mp-754455,4.909859657287598,5.364100933074951
mp-640024,4.966981410980225,4.9166460037231445
mp-772099,4.79079532623291,4.452456474304199
mp-685097,5.341322898864746,5.472203731536865
mp-570673,5.065474510192871,4.913668155670166
mp-752463,5.102151393890381,4.988383769989014
mp-16364,3.253822088241577,3.704739809036255
mp-8285,5.060110569000244,4.926931381225586
mp-1009077,5.175537586212158,4.762960910797119
mp-11549,5.244655609130859,5.229590892791748
mp-19120,4.0987958908081055,4.200362205505371
mp-2758,3.7043211460113525,3.6104390621185303
mp-758052,4.330500602722168,3.831535577774048
mp-556546,3.8454151153564453,3.7553751468658447
mp-22137,5.041192054748535,5.013216495513916
mp-555,5.202910423278809,5.276987075805664
mp-995214,2.6969895362854004,1.4353787899017334
mp-581733,4.784031391143799,4.815142631530762
mp-4,3.501115322113037,3.4965920448303223
mp-610706,2.735804557800293,2.2432124614715576
mp-762271,4.6580376625061035,5.010221481323242
mp-978269,4.147911071777344,4.085244178771973
mp-1542,5.097937107086182,5.14898157119751
mp-18816,5.1992106437683105,4.872147560119629
mp-571262,4.809307098388672,4.49023962020874
mp-8969,4.8609514236450195,4.955282688140869
mp-615,3.71545147895813,3.757270097732544
mp-31169,4.569553852081299,4.559527397155762
mp-1029531,4.075045108795166,4.095795631408691
mp-29900,4.690672874450684,4.699201583862305
mp-616559,4.993356704711914,4.990329742431641
mp-30091,5.339582920074463,5.118269920349121
mp-7597,1.6919856071472168,2.7023372650146484
mp-569265,4.259499549865723,4.215023994445801
mp-505804,4.520079612731934,4.363461971282959
mp-17577,4.3382487297058105,4.306127071380615
mp-552454,5.156033515930176,5.093478679656982
mp-1483,5.400203227996826,5.27762508392334
mp-7070,5.150605201721191,5.094050884246826
mp-753395,3.1267049312591553,3.755002021789551
mp-229,5.352016925811768,5.274152755737305
mp-823,5.0948052406311035,5.106025695800781
mp-998234,3.782437801361084,2.1867170333862305
mp-862543,4.68269681930542,4.59419059753418
mp-865604,2.846345901489258,3.03019380569458
mp-570155,5.609835147857666,5.418617248535156
mp-2691,3.8030285835266113,3.527961254119873
mp-972845,5.2637763023376465,5.060728073120117
mp-758053,5.2687764167785645,5.300658702850342
mp-3161,4.143016338348389,4.160213947296143
mp-28357,3.1161530017852783,2.1504452228546143
mp-865486,5.427302837371826,5.294311046600342
mp-20757,4.734474182128906,4.8304853439331055
mp-18775,4.901204586029053,4.372220039367676
mp-568584,0.4594505727291107,-0.41702890396118164
mp-12593,5.491641998291016,5.4984636306762695
mp-19279,4.6463494300842285,4.527242183685303
mp-559676,3.1762893199920654,3.4487271308898926
mp-569228,5.870255470275879,5.728592872619629
mp-19971,5.177443504333496,4.988497257232666
mp-2430,4.667572021484375,4.6589508056640625
mp-976806,4.984354496002197,5.10429048538208
mp-8628,3.6953530311584473,3.4336330890655518
mp-1604,5.360777854919434,4.576425552368164
mp-583,5.050626277923584,5.097045421600342
mp-864908,5.291335105895996,5.292795181274414
mp-850251,4.769581317901611,4.6747236251831055
mp-696746,5.422948837280273,5.24508810043335
mp-862316,5.105287075042725,5.01358699798584
mp-5387,4.855647563934326,5.19418478012085
mp-865376,3.6921002864837646,3.60062313079834
mp-4697,4.232197284698486,3.697425127029419
mp-8605,3.934274911880493,4.17979621887207
mp-4909,4.6115288734436035,4.527080535888672
mp-11593,5.481618881225586,5.40677547454834
mp-995181,-0.6577563881874084,3.6871230602264404
mp-12564,4.015429973602295,3.9926598072052
mp-22916,3.2978403568267822,2.4993555545806885
mp-10140,4.301785469055176,4.124874114990234
mp-8372,4.010606288909912,3.886599063873291
mp-829,5.0525665283203125,4.926755905151367
mp-3988,4.009716987609863,4.235358238220215
mp-9898,3.961702823638916,3.8176815509796143
mp-862361,4.946465492248535,4.971236228942871
mp-4878,4.624335289001465,4.547347068786621
mp-23275,1.7188462018966675,0.9521770477294922
mp-1169,4.396378040313721,4.482632160186768
mp-2750,3.711637258529663,3.1058461666107178
mp-20711,5.175159931182861,5.060355186462402
mp-4636,4.857370376586914,4.93385124206543
mp-867927,5.40539026260376,5.294866561889648
mp-20369,3.888014554977417,3.6817474365234375
mp-541989,3.6163930892944336,3.453641414642334
mp-504659,5.0027241706848145,5.064639568328857
mp-1029330,5.065847396850586,4.7164154052734375
mp-4181,4.847950458526611,4.722500801086426
mp-15120,2.589787721633911,2.7000536918640137
mp-14070,4.5240068435668945,4.137265205383301
mp-27637,2.3042922019958496,1.5905299186706543
mp-864948,5.132728576660156,5.141976356506348
mp-10069,5.118405342102051,4.890759468078613
mp-2034,5.810659885406494,5.798598766326904
mp-753541,3.761441469192505,3.534182548522949
mp-1784,3.053607702255249,2.436190128326416
mp-10208,5.239187717437744,5.267805576324463
mp-7589,4.588634014129639,4.5814032554626465
mp-861,4.851847171783447,4.891657829284668
mp-39105,5.621392726898193,5.448392391204834
mp-2500,4.717934608459473,4.68867826461792
mp-12802,4.890285015106201,4.724634647369385
mp-1644,4.079107761383057,4.056098461151123
mp-3654,3.8256943225860596,3.735002040863037
mp-29209,3.449826717376709,3.336357831954956
mp-10778,3.4670777320861816,3.158747673034668
mp-2209,4.086485862731934,3.8083012104034424
mp-9381,4.732655048370361,4.603580474853516
mp-1885,5.435068130493164,5.381248474121094
mp-1029309,2.999380111694336,4.048946380615234
mp-21216,5.181857109069824,4.975280284881592
mp-24719,5.29643440246582,3.9490506649017334
mp-2674,5.0900444984436035,5.0171709060668945
mp-1473,5.5993170738220215,5.414262771606445
mp-11499,3.7575716972351074,3.669358253479004
mp-8042,5.291937351226807,5.248726844787598
mp-3255,4.357770919799805,4.416996955871582
mp-2126,5.619488716125488,5.631861686706543
mp-10891,4.951624393463135,4.930627346038818
mp-3595,4.187783241271973,4.26505708694458
mp-19146,3.4850106239318848,3.703392744064331
mp-19183,4.415335178375244,4.298652172088623
mp-556415,4.510138034820557,4.520198345184326
mp-10394,5.14066743850708,5.09505033493042
mp-972954,3.7602784633636475,3.9827470779418945
mp-11329,5.228639125823975,5.183323383331299
mp-1458,5.406208038330078,5.4054107666015625
mp-1400,5.406645774841309,5.315975189208984
mp-593,4.862648963928223,4.717963695526123
mp-2019,4.965618133544922,4.877209663391113
mp-861979,5.109886646270752,5.183682918548584
mp-2634,5.742298126220703,5.612983226776123
mp-484,2.50099515914917,1.6692261695861816
mp-27638,1.5833462476730347,1.4957234859466553
mp-1023923,0.2633347511291504,0.16539335250854492
mp-2049,5.255724906921387,5.184871673583984
mp-19407,4.8358941078186035,4.907486438751221
mp-560242,4.086445331573486,3.962416410446167
mp-5372,2.7089829444885254,3.360034465789795
mp-12678,5.49094820022583,5.348639011383057
mp-17481,4.999906539916992,5.1754150390625
mp-505822,5.237277984619141,5.050130844116211
mp-570112,5.732850551605225,5.700256824493408
mp-3539,5.259106159210205,5.063353061676025
mp-22693,1.1295031309127808,1.461092472076416
mp-2199,5.356010437011719,5.15963077545166
mp-1029756,3.3863465785980225,3.3721187114715576
mp-22493,4.4936089515686035,4.494898796081543
mp-30758,3.4277684688568115,3.5794386863708496
mp-864844,4.969513893127441,4.921067714691162
mp-2116,5.1906256675720215,5.109466552734375
mp-2643,4.884645938873291,4.863637447357178
mp-30410,4.839777946472168,4.888469219207764
mp-3679,4.561775207519531,4.219818592071533
mp-21471,4.1978230476379395,4.20206880569458
mp-780260,1.836620807647705,4.596994876861572
mp-23164,2.5076780319213867,1.0813777446746826
mp-8041,2.717961072921753,2.5480546951293945
mp-4953,3.9492433071136475,4.094776630401611
mp-5042,4.468020915985107,4.505433082580566
mp-8187,3.7513651847839355,3.646768093109131
mp-11790,4.023176670074463,4.108537673950195
mp-19765,2.9818997383117676,3.1083710193634033
mp-1262424,5.33723783493042,5.120217800140381
mp-865497,5.672612190246582,5.511966705322266
mp-770618,5.0462236404418945,4.772643089294434
mp-864936,5.427680492401123,5.346158981323242
mp-27145,3.460719108581543,3.2637338638305664
mp-7596,5.459092617034912,5.647630214691162
mp-867226,3.224748134613037,3.3866539001464844
mp-20621,3.9584646224975586,4.04363489151001
mp-542595,5.146221160888672,4.959094047546387
mp-1057,4.8701934814453125,4.950691223144531
mp-111,0.5438138842582703,4.864706993103027
mp-7226,5.300961971282959,5.268274307250977
mp-5414,3.0347774028778076,3.18768310546875
mp-865362,4.978288650512695,4.898292064666748
mp-9958,5.032597541809082,5.061254978179932
mp-10748,3.6399645805358887,3.6913576126098633
mp-510437,4.481021404266357,4.485234260559082
mp-569364,4.917447090148926,4.958037853240967
mp-31469,4.771748065948486,4.731653690338135
mp-20689,5.4781365394592285,5.278770446777344
mp-22950,2.6551499366760254,2.70100736618042
mp-1842,4.842648506164551,4.798839569091797
mp-13463,5.345774173736572,5.383530616760254
mp-3519,4.868676662445068,4.560362815856934
mp-759863,4.505551815032959,4.430196285247803
mp-30338,3.8985812664031982,4.152971267700195
mp-11256,4.632660865783691,4.610864639282227
mp-1002124,5.09644079208374,5.516740798950195
mp-29618,5.30513334274292,5.2790069580078125
mp-568866,2.7632157802581787,2.9284110069274902
mp-8606,3.976548433303833,3.9332284927368164
mp-30084,5.211980819702148,5.230413913726807
mp-1029595,3.7024354934692383,3.817124128341675
mp-987,4.739711284637451,4.574889659881592
mp-567503,1.0590782165527344,0.8537600040435791
mp-14796,3.0768299102783203,2.4221601486206055
mp-862600,5.375278949737549,5.260016918182373
mp-866157,5.2680816650390625,5.175555229187012
mp-28782,3.1692211627960205,3.4481213092803955
mp-4586,3.2707605361938477,2.9838132858276367
mp-4152,3.788174629211426,3.0281710624694824
mp-675211,4.557228088378906,3.7829904556274414
mp-18767,4.549665451049805,4.517727375030518
mp-861733,4.561954498291016,4.531043529510498
mp-4661,4.941304683685303,4.926432132720947
mp-16293,4.722916126251221,4.176284313201904
mp-15922,4.85257625579834,5.000187397003174
mp-2589,4.860563278198242,5.110252857208252
mp-7857,5.331324100494385,5.173088073730469
mp-1783,4.026443004608154,4.09987211227417
mp-22414,3.218332529067993,3.8197033405303955
mp-672232,5.192896366119385,5.097070693969727
mp-27725,0.8426873087882996,1.6952784061431885
mp-975321,3.907447338104248,4.468318462371826
mp-4448,4.37760066986084,4.427606105804443
mp-30671,4.792147159576416,4.681922435760498
mp-866311,3.9814844131469727,3.298257827758789
mp-21894,4.232325077056885,4.4006500244140625
mp-13119,4.52139949798584,4.003828525543213
mp-34328,3.8422839641571045,3.0720012187957764
mp-568792,5.195577144622803,5.223508358001709
mp-11073,4.798104763031006,4.815306186676025
mp-30460,4.349852085113525,4.317384719848633
mp-865569,5.357409477233887,5.286365509033203
mp-1029741,4.209663391113281,4.319766044616699
mp-866271,4.7378830909729,4.73695707321167
mp-1388832,4.361327171325684,3.548929214477539
mp-12623,3.9764134883880615,3.6307590007781982
mp-14600,4.232946872711182,4.612689971923828
mp-866081,4.639980316162109,4.618326663970947
mp-7173,4.699613094329834,4.585738182067871
mp-1023939,0.5728330016136169,1.0528607368469238
mp-567698,2.3035783767700195,1.8425655364990234
mp-864906,5.180727958679199,5.118910789489746
mp-975906,4.139780521392822,4.427043437957764
mp-866166,4.6261067390441895,4.582277774810791
mp-1029404,4.901686191558838,4.710068225860596
mp-38725,2.9594435691833496,1.9311394691467285
mp-567750,5.244489669799805,5.131557464599609
mp-16304,4.786006450653076,4.859274864196777
mp-23268,2.7571680545806885,2.0462961196899414
mp-352,5.298186779022217,5.405947208404541
mp-22390,5.113467216491699,5.079459190368652
mp-2369,4.599559307098389,4.590090751647949
mp-4604,4.421577453613281,4.444899559020996
mp-2322,4.377139091491699,4.380434036254883
mp-755115,2.8239660263061523,4.680111408233643
mp-22447,4.831021308898926,4.904731273651123
mp-5589,4.353526592254639,4.39215612411499
mp-1249,4.545154094696045,4.111279010772705
mp-752730,4.150599002838135,4.197979927062988
mp-20832,3.16013765335083,3.236522674560547
mp-4728,4.092967510223389,3.906100273132324
mp-572758,0.26741066575050354,1.2697398662567139
mp-24155,4.888949394226074,4.695182800292969
mp-1045744,4.868595123291016,4.783072471618652
mp-530074,5.363433837890625,5.34055757522583
mp-997034,4.2838239669799805,4.185427665710449
mp-1009223,3.756392002105713,3.7403371334075928
mp-690760,4.852113246917725,4.315751552581787
mp-999473,5.101147174835205,5.2252349853515625
mp-978495,4.769494533538818,5.128178119659424
mp-19231,3.6941795349121094,3.8878188133239746
mp-9920,2.0186147689819336,2.2191576957702637
mp-865803,5.260254859924316,5.192139625549316
mp-16501,5.096629619598389,4.954735279083252
mp-16481,4.826710224151611,4.802773952484131
mp-20618,4.933180332183838,4.721855163574219
mp-20327,4.868157386779785,5.184652328491211
mp-675734,4.848711013793945,4.645386219024658
mp-1029337,4.990682601928711,4.72446870803833
mp-976334,3.5906786918640137,3.653193235397339
mp-29502,0.8551154136657715,1.8999073505401611
mp-777479,3.673161029815674,3.153271198272705
mp-4091,5.611241340637207,5.506600379943848
mp-32994,5.415148735046387,5.245114326477051
mp-1029312,4.008377552032471,3.9617762565612793
mp-775910,5.234233856201172,5.5726189613342285
mp-5122,3.3136043548583984,3.4530670642852783
mp-557523,0.515251874923706,1.222701072692871
mp-169,1.602559208869934,1.3233177661895752
mp-546989,3.035447835922241,3.311169147491455
mp-4524,4.316460609436035,4.295562744140625
mp-867125,5.302830696105957,5.247618198394775
mp-27455,1.1282345056533813,0.7434694766998291
mp-8231,5.125153541564941,5.103827476501465
mp-643009,3.5907912254333496,3.608534097671509
mp-4247,3.376920461654663,3.441643714904785
mp-3933,4.997659683227539,4.868706703186035
mp-505803,4.625572204589844,5.144576549530029
mp-472,4.416567802429199,4.367447853088379
mp-676586,3.6694867610931396,2.8505594730377197
mp-30603,4.917892932891846,5.018733024597168
mp-56,2.0759117603302,2.5106801986694336
mp-27321,3.6650750637054443,3.9545769691467285
mp-1018142,5.424216270446777,5.10809326171875
mp-1043,4.975812911987305,5.134288311004639
mp-505766,4.899446964263916,4.91417121887207
mp-12571,4.990299701690674,4.914623260498047
mp-2125,2.994964838027954,2.5434153079986572
mp-752946,4.4322943687438965,4.145907402038574
mp-2802,5.281137943267822,5.331814765930176
mp-643101,2.6142642498016357,2.7476882934570312
mp-23704,2.9446945190429688,3.0449466705322266
mp-19856,4.83706521987915,4.701386451721191
mp-30427,3.4052963256835938,3.421252727508545
mp-2399,4.175227165222168,4.225606441497803
mp-12335,4.4577813148498535,3.683046340942383
mp-11285,4.347226142883301,4.2308244705200195
mp-11290,3.7693893909454346,3.999620199203491
mp-639662,1.8131799697875977,1.9683928489685059
mp-867197,4.7692108154296875,4.713833332061768
mp-3021,3.7476789951324463,3.826758861541748
mp-776320,3.501473903656006,4.525026321411133
mp-14112,3.581494092941284,2.990527391433716
mp-7928,3.5039515495300293,3.3669629096984863
mp-972741,4.4921650886535645,4.64243221282959
mp-605,1.246029019355774,2.6452791690826416
mp-10266,5.3616533279418945,5.100729942321777
mp-30312,4.530777931213379,4.40410852432251
mp-10991,4.485080242156982,4.505279064178467
mp-19850,5.272998809814453,5.0980682373046875
mp-555718,4.130690097808838,3.7281906604766846
mp-31212,3.8447105884552,3.778226375579834
mp-1592,3.9305145740509033,4.004807949066162
mp-867260,4.755309104919434,4.726925849914551
mp-22958,2.6535613536834717,3.028808116912842
mp-998988,4.6852641105651855,4.704683780670166
mp-757044,4.417454242706299,2.7245101928710938
mp-2406,4.123321056365967,4.098086833953857
mp-27456,3.0173110961914062,2.7179243564605713
mp-753982,2.4956352710723877,2.7451767921447754
mp-1030,5.348592758178711,5.328578472137451
mp-10519,4.188170433044434,4.066657066345215
mp-1027164,0.7587960362434387,1.2711987495422363
mp-12659,5.448611259460449,5.258225440979004
mp-3054,3.8403244018554688,3.894127368927002
mp-505215,4.202718734741211,4.519296169281006
mp-865495,5.470036506652832,5.484346389770508
mp-567337,2.621870994567871,2.919609308242798
mp-6969,4.782594680786133,4.705336570739746
mp-755360,4.235344409942627,4.357045650482178
mp-19785,5.168587684631348,5.1286301612854
mp-865224,4.372968673706055,4.027368545532227
mp-4475,3.7991461753845215,3.936610698699951
mp-21017,4.331702709197998,4.375865936279297
mp-1009048,3.735302448272705,3.693816900253296
mp-451,5.064180850982666,5.018672943115234
mp-22253,3.321138381958008,3.278890609741211
mp-30725,4.1311845779418945,4.0931291580200195
mp-1042578,4.906709671020508,4.834674835205078
mp-27882,2.1111414432525635,1.9796502590179443
mp-973534,5.772696018218994,5.741577625274658
mp-1029791,4.7884602546691895,4.525362014770508
mp-1022725,3.689584493637085,4.048760890960693
mp-11537,5.440333843231201,5.413702011108398
mp-756605,5.058069705963135,5.450554847717285
mp-2624,3.895958185195923,3.893779993057251
mp-715923,5.265380859375,4.624218463897705
mp-569344,5.226475238800049,5.045742988586426
mp-27710,5.599310398101807,5.816158771514893
mp-568306,4.128281593322754,4.068904876708984
mp-999068,4.778769016265869,4.823911666870117
mp-752939,4.79456901550293,4.708766460418701
mp-755318,5.039241790771484,4.188580513000488
mp-505206,2.2852766513824463,2.724580764770508
mp-2480,5.063024044036865,4.804713726043701
mp-10887,4.903137683868408,4.798013210296631
mp-4276,4.605399131774902,4.440393924713135
mp-676058,4.249939441680908,3.4447455406188965
mp-581786,4.670393943786621,4.782984733581543
mp-1022724,4.416555404663086,4.5618767738342285
mp-675,5.3715291023254395,5.154483795166016
mp-570826,5.16973352432251,5.156191825866699
mp-9517,4.783472061157227,4.863582611083984
mp-569167,5.63628625869751,5.5643391609191895
mp-567279,1.8668842315673828,2.064713716506958
mp-23056,3.769887685775757,3.3933637142181396
mp-29476,3.9008007049560547,4.161425590515137
mp-754342,5.150119304656982,5.160397529602051
mp-22856,2.85471510887146,1.6776175498962402
mp-5443,5.074646472930908,5.2021565437316895
mp-978270,4.380850315093994,4.300091743469238
mp-28610,2.282636880874634,2.7935891151428223
mp-1692,4.9078240394592285,4.611387729644775
mp-775906,4.930730819702148,5.2546844482421875
mp-36884,4.851812362670898,4.941781044006348
mp-20697,4.898355484008789,4.88185977935791
mp-570784,5.275888919830322,5.280986785888672
mp-571343,3.7132644653320312,3.5568764209747314
mp-616378,2.7400527000427246,1.7208528518676758
mp-16905,3.345381259918213,3.403594732284546
mp-1345518,5.0504069328308105,5.15130615234375
mp-541037,2.9757797718048096,3.013265609741211
mp-3464,5.467255115509033,5.37661075592041
mp-30797,4.495948314666748,4.2979254722595215
mp-30892,3.1703922748565674,3.041757822036743
mp-3522,4.2137603759765625,4.177687168121338
mp-10824,4.076869010925293,4.089990139007568
mp-5723,4.9298095703125,4.879249572753906
mp-2695,4.843251705169678,4.711226463317871
mp-1010071,5.3490095138549805,5.289369583129883
mp-582227,3.6682465076446533,3.8232760429382324
mp-865186,5.225658416748047,5.157257080078125
mp-557862,3.8014748096466064,3.640937328338623
mp-13944,4.6491217613220215,4.704310417175293
mp-12908,4.134939193725586,4.236286640167236
mp-553939,4.217941761016846,4.265745162963867
mp-1022726,3.5615549087524414,3.4217562675476074
mp-1011695,2.458432197570801,2.008575201034546
mp-7343,4.0041704177856445,4.29360294342041
mp-1114,5.092075824737549,5.377340793609619
mp-20679,5.326632499694824,5.226101875305176
mp-995191,2.571324110031128,4.786619186401367
mp-643989,2.92224383354187,2.7747466564178467
mp-1867,5.371859073638916,5.152329921722412
mp-6996,5.163841247558594,5.068693161010742
mp-23230,-0.2935233414173126,-0.6288871765136719
mp-11482,5.819309234619141,5.688994407653809
mp-291,5.515326023101807,5.400303363800049
mp-10760,4.074540138244629,3.827202320098877
mp-567666,3.211308240890503,2.8707094192504883
mp-2676,5.121592044830322,4.9974565505981445
mp-20565,5.067541599273682,5.090407848358154
mp-632311,5.301707744598389,4.7986249923706055
mp-866160,4.580498695373535,4.521932125091553
mp-917,4.020235061645508,4.2857136726379395
mp-866066,0.3570811450481415,2.8531110286712646
mp-865138,5.280605792999268,5.198339462280273
mp-5606,4.029965877532959,2.9501841068267822
mp-4287,4.658712387084961,4.635813236236572
mp-11718,3.1610779762268066,2.732482671737671
mp-7818,4.933903217315674,4.841383457183838
mp-865147,5.216946601867676,5.0924859046936035
mp-30819,4.843206405639648,4.7736005783081055
mp-11977,4.080634593963623,3.952275037765503
mp-754531,4.546279430389404,4.6387248039245605
mp-1418,5.3137407302856445,5.081699848175049
mp-12580,3.603837251663208,3.6184253692626953
mp-29666,2.0633959770202637,1.174384593963623
mp-22367,4.375903129577637,4.505947589874268
mp-760410,2.7038097381591797,3.3972766399383545
mp-22899,3.0269775390625,2.3992760181427
mp-980940,4.632181644439697,5.117461681365967
mp-31451,4.760602951049805,4.671412467956543
mp-1412,4.786010265350342,4.703155517578125
mp-2418,2.141336679458618,4.0989460945129395
mp-756408,4.326605319976807,4.16863489151001
mp-570506,0.0054460628889501095,0.9238784313201904
mp-961650,4.669077396392822,4.861509323120117
mp-567652,2.949953317642212,2.7616398334503174
mp-19308,4.722117900848389,4.687047958374023
mp-754344,4.628768444061279,4.692314624786377
mp-7604,4.687299728393555,4.359723091125488
mp-866115,5.28974723815918,5.182498455047607
mp-10676,4.6190338134765625,4.505282402038574
mp-15722,5.730317115783691,5.632590293884277
mp-7002,4.577362537384033,4.768698215484619
mp-555747,5.0949859619140625,5.0891289710998535
mp-31457,4.909512996673584,4.863036632537842
mp-7577,5.349517822265625,5.262684345245361
mp-753658,5.229968070983887,5.299333095550537
mp-20901,4.345831394195557,4.18017053604126
mp-1029923,4.485413551330566,4.505890369415283
mp-754756,2.3284168243408203,4.332414150238037
mp-7544,5.253704071044922,5.152198791503906
mp-557950,4.350396156311035,4.562776565551758
mp-7569,2.8472719192504883,2.249743938446045
mp-15397,5.279561996459961,5.128691673278809
mp-569408,3.7412097454071045,4.293293476104736
mp-10184,4.485182762145996,4.530238628387451
mp-761524,4.9772562980651855,4.681623458862305
mp-19372,5.419546127319336,5.112386703491211
mp-30570,5.528746128082275,5.097970962524414
mp-13070,4.456762313842773,4.620487213134766
mp-8577,4.6068878173828125,4.566368579864502
mp-8053,4.244255542755127,4.159300327301025
mp-19313,5.098298072814941,4.936625957489014
mp-547622,4.819913387298584,4.963193416595459
mp-4117,4.35719633102417,4.108067989349365
mp-2534,4.10655403137207,3.6226119995117188
mp-2172,4.245367050170898,3.9332852363586426
mp-18740,4.418294906616211,4.206963539123535
mp-10996,3.7038419246673584,3.733299493789673
mp-865707,5.192557334899902,5.097266674041748
mp-753984,4.7930450439453125,4.049013614654541
mp-23791,1.654135823249817,2.246093273162842
mp-2580,5.574732303619385,5.388327598571777
mp-4653,5.164089202880859,4.97860050201416
mp-861637,5.064224720001221,5.00994348526001
mp-545467,2.954540491104126,4.182486534118652
mp-865924,4.624329090118408,4.591921329498291
mp-30686,4.705976486206055,4.59722900390625
mp-8640,4.617520809173584,4.683564186096191
mp-1194,4.917377948760986,4.738633632659912
mp-3829,3.857022762298584,3.810379981994629
mp-8630,4.949352264404297,4.598361015319824
mp-18198,4.7607927322387695,4.70717716217041
mp-22580,5.0243048667907715,4.9689507484436035
mp-486,4.473538398742676,5.121420860290527
mp-2083,4.702588081359863,4.781630039215088
mp-10033,0.616773247718811,2.209641695022583
mp-11959,4.172582149505615,4.2552170753479
mp-569383,4.163837909698486,4.177926063537598
mp-5495,4.345849990844727,4.33212947845459
mp-23856,2.252570152282715,3.1368424892425537
mp-833,4.546031475067139,4.370532035827637
mp-30952,-0.017063893377780914,0.7902131080627441
mp-34195,3.7569327354431152,3.721522808074951
mp-10614,3.755829334259033,3.7739951610565186
mp-690542,3.809493064880371,4.730869770050049
mp-28810,2.629690647125244,3.0792315006256104
mp-676,3.737131357192993,3.463210105895996
mp-556424,4.1713690757751465,3.9953646659851074
mp-1019550,5.252481460571289,5.117767810821533
mp-755146,4.111710548400879,3.4378044605255127
mp-2458,4.958946704864502,5.073706150054932
mp-718,4.981878280639648,4.9952545166015625
mp-4678,4.954261302947998,4.790888786315918
mp-570213,3.4423186779022217,3.5775935649871826
mp-20174,4.5831379890441895,4.63524866104126
mp-10326,2.113006591796875,2.9395647048950195
mp-952,5.603437423706055,5.490268707275391
mp-1425,5.292856693267822,5.1272101402282715
mp-20800,4.419081211090088,4.254232883453369
mp-9382,5.010600566864014,4.808141231536865
mp-9574,3.348435163497925,3.5366861820220947
mp-754151,4.881717205047607,5.31099796295166
mp-866162,4.142684459686279,4.07984733581543
mp-2075,5.6808977127075195,5.995685577392578
mp-3574,4.818637847900391,4.804384708404541
mp-1029719,4.017317295074463,4.3234663009643555
mp-5798,5.104058265686035,5.130003929138184
mp-7350,4.2068634033203125,4.190072536468506
mp-9752,4.055436134338379,3.6140642166137695
mp-1915,5.422987937927246,5.3807053565979
mp-23406,2.111685037612915,2.0159544944763184
mp-408,3.908862352371216,3.9870946407318115
mp-31038,1.5878652334213257,2.718745708465576
mp-9986,3.0840601921081543,2.8117733001708984
mp-1557,4.04944372177124,4.000556945800781
mp-534,5.491948127746582,5.072769641876221
mp-4138,3.0179247856140137,3.084240198135376
mp-864919,5.093835830688477,5.059810161590576
mp-752508,3.0351004600524902,2.938178062438965
mp-28,3.656306505203247,4.2175374031066895
mp-642855,1.7893885374069214,3.820812702178955
mp-697096,3.1453747749328613,3.0895538330078125
mp-571059,4.0152764320373535,3.8234143257141113
mp-555929,4.8028998374938965,4.758606433868408
mp-1020,5.561794281005859,5.383306503295898
mp-8973,5.21541166305542,4.715928077697754
mp-437,4.375690460205078,4.362811088562012
mp-20033,5.029299736022949,4.972171783447266
mp-2345,4.958149433135986,4.774165630340576
mp-570670,5.355737209320068,5.312175750732422
mp-7918,4.8466596603393555,4.510471343994141
mp-24504,-0.7094317078590393,1.219449758529663
mp-567164,5.604925632476807,5.6352458000183105
mp-756640,1.7764512300491333,1.3410489559173584
mp-555576,3.1161727905273438,3.0778937339782715
mp-6972,4.7112531661987305,4.460884094238281
mp-31043,3.3358373641967773,1.9518048763275146
mp-7068,3.7507097721099854,3.6517298221588135
mp-753533,2.5659828186035156,2.574644088745117
mp-13583,4.802732467651367,4.715705394744873
mp-558838,3.6401591300964355,3.2048425674438477
mp-1373,5.144998073577881,5.259844779968262
mp-23178,0.0024793175980448723,0.6239490509033203
mp-30437,4.1864705085754395,4.143517971038818
mp-864903,5.283214569091797,5.227312088012695
mp-31086,3.4863123893737793,3.0795037746429443
mp-19102,4.712899208068848,4.881319999694824
mp-758122,4.213103294372559,4.273242473602295
mp-7739,4.039437294006348,4.025589942932129
mp-866296,5.02579402923584,4.944283962249756
mp-2630,3.8248610496520996,3.884446620941162
mp-580357,4.986187934875488,4.92545747756958
mp-996975,4.593665599822998,4.3104424476623535
mp-10057,5.660378456115723,5.675680160522461
mp-972965,4.923861980438232,4.564927101135254
mp-2932,5.050357818603516,4.84892463684082
mp-19726,4.364676475524902,4.269357204437256
mp-561490,2.7942700386047363,2.88727068901062
mp-505824,3.076603651046753,2.817829132080078
mp-865512,3.9563305377960205,3.84786057472229
mp-867854,3.888051986694336,3.872922658920288
mp-19210,5.083785057067871,4.3333868980407715
mp-31468,4.241748332977295,4.118617534637451
mp-1029592,4.3932976722717285,4.279971599578857
mp-9716,5.152552604675293,4.647842884063721
mp-11550,4.488085746765137,4.5384016036987305
mp-761315,5.019570350646973,4.949576377868652
mp-1029943,4.380350589752197,4.348276615142822
mp-1019508,5.17961311340332,5.035238265991211
mp-1029458,5.024330139160156,5.144237995147705
mp-556788,3.4810473918914795,3.751634120941162
mp-622209,4.728596210479736,4.716122627258301
mp-13416,4.605757713317871,4.593908786773682
mp-865126,4.317091464996338,4.116928577423096
mp-21316,5.553723335266113,5.4159393310546875
mp-94,3.652749538421631,3.605583667755127
mp-9951,5.1879963874816895,5.030094146728516
mp-559200,4.14274263381958,3.372100353240967
mp-754954,2.6920783519744873,3.8279542922973633
mp-9453,4.324670314788818,4.441556453704834
mp-3576,5.160671234130859,4.99532413482666
mp-571,5.075695037841797,4.960170745849609
mp-628,4.615915298461914,4.797626495361328
mp-675172,5.319888114929199,5.567285537719727
mp-22323,5.003026962280273,5.257745742797852
mp-2851,4.585386276245117,4.464901924133301
mp-70,1.0246351957321167,1.058009147644043
mp-5795,4.609194755554199,4.577696323394775
mp-989524,5.116908550262451,5.203226089477539
mp-510281,4.887218952178955,4.527073860168457
mp-7384,4.692096710205078,3.988391160964966
mp-1873,4.568523406982422,4.257984161376953
mp-29308,3.5167582035064697,3.7146644592285156
mp-27255,3.214632511138916,1.7256574630737305
mp-761574,5.00712776184082,5.134017467498779
mp-755956,5.011059761047363,4.94497537612915
mp-12109,5.527142524719238,5.361576080322266
mp-7988,1.1917294263839722,1.8349664211273193
mp-754008,4.349485397338867,4.246991157531738
mp-9563,3.4622278213500977,3.492125988006592
mp-7914,4.613471508026123,4.682684898376465
mp-35777,3.0980594158172607,2.9738271236419678
mp-999052,3.0430824756622314,4.891627311706543
mp-3838,4.268037796020508,4.3759331703186035
mp-2379,5.175650596618652,5.164984703063965
mp-30766,3.4207603931427,3.5528576374053955
mp-13334,5.098800182342529,4.969061374664307
mp-862312,4.815128326416016,4.84117317199707
mp-1702,4.90401554107666,4.740345478057861
mp-570199,5.086203098297119,5.011993885040283
mp-7907,3.6392745971679688,3.150941848754883
mp-568284,2.5343410968780518,1.8916630744934082
mp-753722,3.5680501461029053,4.055789947509766
